eval_count,mean_qubo_energy,theta_0,theta_1,theta_2,theta_3,theta_4,theta_5,theta_6,theta_7,theta_8,theta_9,theta_10,theta_11,theta_12,theta_13,theta_14,theta_15,theta_16,theta_17,theta_18,theta_19,theta_20,theta_21,theta_22,theta_23,theta_24,theta_25,theta_26,theta_27,theta_28,theta_29,theta_30,theta_31,theta_32,theta_33,theta_34,theta_35,theta_36,theta_37,theta_38,theta_39
1,24.05109116868517,1.2840397745833483,0.17408301063648043,0.17408301063648043,0.17408301063648043,1.2840397745833483,0.17408301063648043,1.2840397745833483,0.17408301063648043,0.17408301063648043,1.2840397745833483,0.17408301063648043,0.17408301063648043,1.2840397745833483,0.17408301063648043,1.2840397745833483,0.17408301063648043,0.17408301063648043,0.17408301063648043,1.2840397745833483,1.2840397745833483,1.2840397745833483,0.17408301063648043,0.17408301063648043,0.17408301063648043,1.2840397745833483,0.17408301063648043,1.2840397745833483,0.17408301063648043,0.17408301063648043,1.2840397745833483,0.17408301063648043,0.17408301063648043,1.2840397745833483,0.17408301063648043,1.2840397745833483,0.17408301063648043,0.17408301063648043,0.17408301063648043,1.2840397745833483,1.2840397745833483
2,23.587902055667136,2.2840397745833485,0.17408301063648043,0.17408301063648043,0.17408301063648043,1.2840397745833483,0.17408301063648043,1.2840397745833483,0.17408301063648043,0.17408301063648043,1.2840397745833483,0.17408301063648043,0.17408301063648043,1.2840397745833483,0.17408301063648043,1.2840397745833483,0.17408301063648043,0.17408301063648043,0.17408301063648043,1.2840397745833483,1.2840397745833483,1.2840397745833483,0.17408301063648043,0.17408301063648043,0.17408301063648043,1.2840397745833483,0.17408301063648043,1.2840397745833483,0.17408301063648043,0.17408301063648043,1.2840397745833483,0.17408301063648043,0.17408301063648043,1.2840397745833483,0.17408301063648043,1.2840397745833483,0.17408301063648043,0.17408301063648043,0.17408301063648043,1.2840397745833483,1.2840397745833483
3,35.25060606847203,2.2840397745833485,1.1740830106364804,0.17408301063648043,0.17408301063648043,1.2840397745833483,0.17408301063648043,1.2840397745833483,0.17408301063648043,0.17408301063648043,1.2840397745833483,0.17408301063648043,0.17408301063648043,1.2840397745833483,0.17408301063648043,1.2840397745833483,0.17408301063648043,0.17408301063648043,0.17408301063648043,1.2840397745833483,1.2840397745833483,1.2840397745833483,0.17408301063648043,0.17408301063648043,0.17408301063648043,1.2840397745833483,0.17408301063648043,1.2840397745833483,0.17408301063648043,0.17408301063648043,1.2840397745833483,0.17408301063648043,0.17408301063648043,1.2840397745833483,0.17408301063648043,1.2840397745833483,0.17408301063648043,0.17408301063648043,0.17408301063648043,1.2840397745833483,1.2840397745833483
4,35.25304025744615,2.2840397745833485,0.17408301063648043,1.1740830106364804,0.17408301063648043,1.2840397745833483,0.17408301063648043,1.2840397745833483,0.17408301063648043,0.17408301063648043,1.2840397745833483,0.17408301063648043,0.17408301063648043,1.2840397745833483,0.17408301063648043,1.2840397745833483,0.17408301063648043,0.17408301063648043,0.17408301063648043,1.2840397745833483,1.2840397745833483,1.2840397745833483,0.17408301063648043,0.17408301063648043,0.17408301063648043,1.2840397745833483,0.17408301063648043,1.2840397745833483,0.17408301063648043,0.17408301063648043,1.2840397745833483,0.17408301063648043,0.17408301063648043,1.2840397745833483,0.17408301063648043,1.2840397745833483,0.17408301063648043,0.17408301063648043,0.17408301063648043,1.2840397745833483,1.2840397745833483
5,35.5706519491935,2.2840397745833485,0.17408301063648043,0.17408301063648043,1.1740830106364804,1.2840397745833483,0.17408301063648043,1.2840397745833483,0.17408301063648043,0.17408301063648043,1.2840397745833483,0.17408301063648043,0.17408301063648043,1.2840397745833483,0.17408301063648043,1.2840397745833483,0.17408301063648043,0.17408301063648043,0.17408301063648043,1.2840397745833483,1.2840397745833483,1.2840397745833483,0.17408301063648043,0.17408301063648043,0.17408301063648043,1.2840397745833483,0.17408301063648043,1.2840397745833483,0.17408301063648043,0.17408301063648043,1.2840397745833483,0.17408301063648043,0.17408301063648043,1.2840397745833483,0.17408301063648043,1.2840397745833483,0.17408301063648043,0.17408301063648043,0.17408301063648043,1.2840397745833483,1.2840397745833483
6,22.879984813332662,2.2840397745833485,0.17408301063648043,0.17408301063648043,0.17408301063648043,2.2840397745833485,0.17408301063648043,1.2840397745833483,0.17408301063648043,0.17408301063648043,1.2840397745833483,0.17408301063648043,0.17408301063648043,1.2840397745833483,0.17408301063648043,1.2840397745833483,0.17408301063648043,0.17408301063648043,0.17408301063648043,1.2840397745833483,1.2840397745833483,1.2840397745833483,0.17408301063648043,0.17408301063648043,0.17408301063648043,1.2840397745833483,0.17408301063648043,1.2840397745833483,0.17408301063648043,0.17408301063648043,1.2840397745833483,0.17408301063648043,0.17408301063648043,1.2840397745833483,0.17408301063648043,1.2840397745833483,0.17408301063648043,0.17408301063648043,0.17408301063648043,1.2840397745833483,1.2840397745833483
7,34.5164383421045,2.2840397745833485,0.17408301063648043,0.17408301063648043,0.17408301063648043,2.2840397745833485,1.1740830106364804,1.2840397745833483,0.17408301063648043,0.17408301063648043,1.2840397745833483,0.17408301063648043,0.17408301063648043,1.2840397745833483,0.17408301063648043,1.2840397745833483,0.17408301063648043,0.17408301063648043,0.17408301063648043,1.2840397745833483,1.2840397745833483,1.2840397745833483,0.17408301063648043,0.17408301063648043,0.17408301063648043,1.2840397745833483,0.17408301063648043,1.2840397745833483,0.17408301063648043,0.17408301063648043,1.2840397745833483,0.17408301063648043,0.17408301063648043,1.2840397745833483,0.17408301063648043,1.2840397745833483,0.17408301063648043,0.17408301063648043,0.17408301063648043,1.2840397745833483,1.2840397745833483
8,22.42921574041177,2.2840397745833485,0.17408301063648043,0.17408301063648043,0.17408301063648043,2.2840397745833485,0.17408301063648043,2.2840397745833485,0.17408301063648043,0.17408301063648043,1.2840397745833483,0.17408301063648043,0.17408301063648043,1.2840397745833483,0.17408301063648043,1.2840397745833483,0.17408301063648043,0.17408301063648043,0.17408301063648043,1.2840397745833483,1.2840397745833483,1.2840397745833483,0.17408301063648043,0.17408301063648043,0.17408301063648043,1.2840397745833483,0.17408301063648043,1.2840397745833483,0.17408301063648043,0.17408301063648043,1.2840397745833483,0.17408301063648043,0.17408301063648043,1.2840397745833483,0.17408301063648043,1.2840397745833483,0.17408301063648043,0.17408301063648043,0.17408301063648043,1.2840397745833483,1.2840397745833483
9,34.232023422617324,2.2840397745833485,0.17408301063648043,0.17408301063648043,0.17408301063648043,2.2840397745833485,0.17408301063648043,2.2840397745833485,1.1740830106364804,0.17408301063648043,1.2840397745833483,0.17408301063648043,0.17408301063648043,1.2840397745833483,0.17408301063648043,1.2840397745833483,0.17408301063648043,0.17408301063648043,0.17408301063648043,1.2840397745833483,1.2840397745833483,1.2840397745833483,0.17408301063648043,0.17408301063648043,0.17408301063648043,1.2840397745833483,0.17408301063648043,1.2840397745833483,0.17408301063648043,0.17408301063648043,1.2840397745833483,0.17408301063648043,0.17408301063648043,1.2840397745833483,0.17408301063648043,1.2840397745833483,0.17408301063648043,0.17408301063648043,0.17408301063648043,1.2840397745833483,1.2840397745833483
10,34.35335022484575,2.2840397745833485,0.17408301063648043,0.17408301063648043,0.17408301063648043,2.2840397745833485,0.17408301063648043,2.2840397745833485,0.17408301063648043,1.1740830106364804,1.2840397745833483,0.17408301063648043,0.17408301063648043,1.2840397745833483,0.17408301063648043,1.2840397745833483,0.17408301063648043,0.17408301063648043,0.17408301063648043,1.2840397745833483,1.2840397745833483,1.2840397745833483,0.17408301063648043,0.17408301063648043,0.17408301063648043,1.2840397745833483,0.17408301063648043,1.2840397745833483,0.17408301063648043,0.17408301063648043,1.2840397745833483,0.17408301063648043,0.17408301063648043,1.2840397745833483,0.17408301063648043,1.2840397745833483,0.17408301063648043,0.17408301063648043,0.17408301063648043,1.2840397745833483,1.2840397745833483
11,22.047263390413754,2.2840397745833485,0.17408301063648043,0.17408301063648043,0.17408301063648043,2.2840397745833485,0.17408301063648043,2.2840397745833485,0.17408301063648043,0.17408301063648043,2.2840397745833485,0.17408301063648043,0.17408301063648043,1.2840397745833483,0.17408301063648043,1.2840397745833483,0.17408301063648043,0.17408301063648043,0.17408301063648043,1.2840397745833483,1.2840397745833483,1.2840397745833483,0.17408301063648043,0.17408301063648043,0.17408301063648043,1.2840397745833483,0.17408301063648043,1.2840397745833483,0.17408301063648043,0.17408301063648043,1.2840397745833483,0.17408301063648043,0.17408301063648043,1.2840397745833483,0.17408301063648043,1.2840397745833483,0.17408301063648043,0.17408301063648043,0.17408301063648043,1.2840397745833483,1.2840397745833483
12,33.7124015921928,2.2840397745833485,0.17408301063648043,0.17408301063648043,0.17408301063648043,2.2840397745833485,0.17408301063648043,2.2840397745833485,0.17408301063648043,0.17408301063648043,2.2840397745833485,1.1740830106364804,0.17408301063648043,1.2840397745833483,0.17408301063648043,1.2840397745833483,0.17408301063648043,0.17408301063648043,0.17408301063648043,1.2840397745833483,1.2840397745833483,1.2840397745833483,0.17408301063648043,0.17408301063648043,0.17408301063648043,1.2840397745833483,0.17408301063648043,1.2840397745833483,0.17408301063648043,0.17408301063648043,1.2840397745833483,0.17408301063648043,0.17408301063648043,1.2840397745833483,0.17408301063648043,1.2840397745833483,0.17408301063648043,0.17408301063648043,0.17408301063648043,1.2840397745833483,1.2840397745833483
13,34.03001328394013,2.2840397745833485,0.17408301063648043,0.17408301063648043,0.17408301063648043,2.2840397745833485,0.17408301063648043,2.2840397745833485,0.17408301063648043,0.17408301063648043,2.2840397745833485,0.17408301063648043,1.1740830106364804,1.2840397745833483,0.17408301063648043,1.2840397745833483,0.17408301063648043,0.17408301063648043,0.17408301063648043,1.2840397745833483,1.2840397745833483,1.2840397745833483,0.17408301063648043,0.17408301063648043,0.17408301063648043,1.2840397745833483,0.17408301063648043,1.2840397745833483,0.17408301063648043,0.17408301063648043,1.2840397745833483,0.17408301063648043,0.17408301063648043,1.2840397745833483,0.17408301063648043,1.2840397745833483,0.17408301063648043,0.17408301063648043,0.17408301063648043,1.2840397745833483,1.2840397745833483
14,21.584074277395764,2.2840397745833485,0.17408301063648043,0.17408301063648043,0.17408301063648043,2.2840397745833485,0.17408301063648043,2.2840397745833485,0.17408301063648043,0.17408301063648043,2.2840397745833485,0.17408301063648043,0.17408301063648043,2.2840397745833485,0.17408301063648043,1.2840397745833483,0.17408301063648043,0.17408301063648043,0.17408301063648043,1.2840397745833483,1.2840397745833483,1.2840397745833483,0.17408301063648043,0.17408301063648043,0.17408301063648043,1.2840397745833483,0.17408301063648043,1.2840397745833483,0.17408301063648043,0.17408301063648043,1.2840397745833483,0.17408301063648043,0.17408301063648043,1.2840397745833483,0.17408301063648043,1.2840397745833483,0.17408301063648043,0.17408301063648043,0.17408301063648043,1.2840397745833483,1.2840397745833483
15,33.24677829020069,2.2840397745833485,0.17408301063648043,0.17408301063648043,0.17408301063648043,2.2840397745833485,0.17408301063648043,2.2840397745833485,0.17408301063648043,0.17408301063648043,2.2840397745833485,0.17408301063648043,0.17408301063648043,2.2840397745833485,1.1740830106364804,1.2840397745833483,0.17408301063648043,0.17408301063648043,0.17408301063648043,1.2840397745833483,1.2840397745833483,1.2840397745833483,0.17408301063648043,0.17408301063648043,0.17408301063648043,1.2840397745833483,0.17408301063648043,1.2840397745833483,0.17408301063648043,0.17408301063648043,1.2840397745833483,0.17408301063648043,0.17408301063648043,1.2840397745833483,0.17408301063648043,1.2840397745833483,0.17408301063648043,0.17408301063648043,0.17408301063648043,1.2840397745833483,1.2840397745833483
16,20.876157035061276,2.2840397745833485,0.17408301063648043,0.17408301063648043,0.17408301063648043,2.2840397745833485,0.17408301063648043,2.2840397745833485,0.17408301063648043,0.17408301063648043,2.2840397745833485,0.17408301063648043,0.17408301063648043,2.2840397745833485,0.17408301063648043,2.2840397745833485,0.17408301063648043,0.17408301063648043,0.17408301063648043,1.2840397745833483,1.2840397745833483,1.2840397745833483,0.17408301063648043,0.17408301063648043,0.17408301063648043,1.2840397745833483,0.17408301063648043,1.2840397745833483,0.17408301063648043,0.17408301063648043,1.2840397745833483,0.17408301063648043,0.17408301063648043,1.2840397745833483,0.17408301063648043,1.2840397745833483,0.17408301063648043,0.17408301063648043,0.17408301063648043,1.2840397745833483,1.2840397745833483
17,32.678964717266844,2.2840397745833485,0.17408301063648043,0.17408301063648043,0.17408301063648043,2.2840397745833485,0.17408301063648043,2.2840397745833485,0.17408301063648043,0.17408301063648043,2.2840397745833485,0.17408301063648043,0.17408301063648043,2.2840397745833485,0.17408301063648043,2.2840397745833485,1.1740830106364804,0.17408301063648043,0.17408301063648043,1.2840397745833483,1.2840397745833483,1.2840397745833483,0.17408301063648043,0.17408301063648043,0.17408301063648043,1.2840397745833483,0.17408301063648043,1.2840397745833483,0.17408301063648043,0.17408301063648043,1.2840397745833483,0.17408301063648043,0.17408301063648043,1.2840397745833483,0.17408301063648043,1.2840397745833483,0.17408301063648043,0.17408301063648043,0.17408301063648043,1.2840397745833483,1.2840397745833483
18,32.800291519495296,2.2840397745833485,0.17408301063648043,0.17408301063648043,0.17408301063648043,2.2840397745833485,0.17408301063648043,2.2840397745833485,0.17408301063648043,0.17408301063648043,2.2840397745833485,0.17408301063648043,0.17408301063648043,2.2840397745833485,0.17408301063648043,2.2840397745833485,0.17408301063648043,1.1740830106364804,0.17408301063648043,1.2840397745833483,1.2840397745833483,1.2840397745833483,0.17408301063648043,0.17408301063648043,0.17408301063648043,1.2840397745833483,0.17408301063648043,1.2840397745833483,0.17408301063648043,0.17408301063648043,1.2840397745833483,0.17408301063648043,0.17408301063648043,1.2840397745833483,0.17408301063648043,1.2840397745833483,0.17408301063648043,0.17408301063648043,0.17408301063648043,1.2840397745833483,1.2840397745833483
19,32.512610563833086,2.2840397745833485,0.17408301063648043,0.17408301063648043,0.17408301063648043,2.2840397745833485,0.17408301063648043,2.2840397745833485,0.17408301063648043,0.17408301063648043,2.2840397745833485,0.17408301063648043,0.17408301063648043,2.2840397745833485,0.17408301063648043,2.2840397745833485,0.17408301063648043,0.17408301063648043,1.1740830106364804,1.2840397745833483,1.2840397745833483,1.2840397745833483,0.17408301063648043,0.17408301063648043,0.17408301063648043,1.2840397745833483,0.17408301063648043,1.2840397745833483,0.17408301063648043,0.17408301063648043,1.2840397745833483,0.17408301063648043,0.17408301063648043,1.2840397745833483,0.17408301063648043,1.2840397745833483,0.17408301063648043,0.17408301063648043,0.17408301063648043,1.2840397745833483,1.2840397745833483
20,20.42538796214039,2.2840397745833485,0.17408301063648043,0.17408301063648043,0.17408301063648043,2.2840397745833485,0.17408301063648043,2.2840397745833485,0.17408301063648043,0.17408301063648043,2.2840397745833485,0.17408301063648043,0.17408301063648043,2.2840397745833485,0.17408301063648043,2.2840397745833485,0.17408301063648043,0.17408301063648043,0.17408301063648043,2.2840397745833485,1.2840397745833483,1.2840397745833483,0.17408301063648043,0.17408301063648043,0.17408301063648043,1.2840397745833483,0.17408301063648043,1.2840397745833483,0.17408301063648043,0.17408301063648043,1.2840397745833483,0.17408301063648043,0.17408301063648043,1.2840397745833483,0.17408301063648043,1.2840397745833483,0.17408301063648043,0.17408301063648043,0.17408301063648043,1.2840397745833483,1.2840397745833483
21,20.043435612142375,2.2840397745833485,0.17408301063648043,0.17408301063648043,0.17408301063648043,2.2840397745833485,0.17408301063648043,2.2840397745833485,0.17408301063648043,0.17408301063648043,2.2840397745833485,0.17408301063648043,0.17408301063648043,2.2840397745833485,0.17408301063648043,2.2840397745833485,0.17408301063648043,0.17408301063648043,0.17408301063648043,2.2840397745833485,2.2840397745833485,1.2840397745833483,0.17408301063648043,0.17408301063648043,0.17408301063648043,1.2840397745833483,0.17408301063648043,1.2840397745833483,0.17408301063648043,0.17408301063648043,1.2840397745833483,0.17408301063648043,0.17408301063648043,1.2840397745833483,0.17408301063648043,1.2840397745833483,0.17408301063648043,0.17408301063648043,0.17408301063648043,1.2840397745833483,1.2840397745833483
22,25.35547692208243,2.2840397745833485,0.17408301063648043,0.17408301063648043,0.17408301063648043,2.2840397745833485,0.17408301063648043,2.2840397745833485,0.17408301063648043,0.17408301063648043,2.2840397745833485,0.17408301063648043,0.17408301063648043,2.2840397745833485,0.17408301063648043,2.2840397745833485,0.17408301063648043,0.17408301063648043,0.17408301063648043,2.2840397745833485,2.2840397745833485,2.2840397745833485,0.17408301063648043,0.17408301063648043,0.17408301063648043,1.2840397745833483,0.17408301063648043,1.2840397745833483,0.17408301063648043,0.17408301063648043,1.2840397745833483,0.17408301063648043,0.17408301063648043,1.2840397745833483,0.17408301063648043,1.2840397745833483,0.17408301063648043,0.17408301063648043,0.17408301063648043,1.2840397745833483,1.2840397745833483
23,31.823810199013522,2.2840397745833485,0.17408301063648043,0.17408301063648043,0.17408301063648043,2.2840397745833485,0.17408301063648043,2.2840397745833485,0.17408301063648043,0.17408301063648043,2.2840397745833485,0.17408301063648043,0.17408301063648043,2.2840397745833485,0.17408301063648043,2.2840397745833485,0.17408301063648043,0.17408301063648043,0.17408301063648043,2.2840397745833485,2.2840397745833485,1.2840397745833483,1.1740830106364804,0.17408301063648043,0.17408301063648043,1.2840397745833483,0.17408301063648043,1.2840397745833483,0.17408301063648043,0.17408301063648043,1.2840397745833483,0.17408301063648043,0.17408301063648043,1.2840397745833483,0.17408301063648043,1.2840397745833483,0.17408301063648043,0.17408301063648043,0.17408301063648043,1.2840397745833483,1.2840397745833483
24,31.840731758515986,2.2840397745833485,0.17408301063648043,0.17408301063648043,0.17408301063648043,2.2840397745833485,0.17408301063648043,2.2840397745833485,0.17408301063648043,0.17408301063648043,2.2840397745833485,0.17408301063648043,0.17408301063648043,2.2840397745833485,0.17408301063648043,2.2840397745833485,0.17408301063648043,0.17408301063648043,0.17408301063648043,2.2840397745833485,2.2840397745833485,1.2840397745833483,0.17408301063648043,1.1740830106364804,0.17408301063648043,1.2840397745833483,0.17408301063648043,1.2840397745833483,0.17408301063648043,0.17408301063648043,1.2840397745833483,0.17408301063648043,0.17408301063648043,1.2840397745833483,0.17408301063648043,1.2840397745833483,0.17408301063648043,0.17408301063648043,0.17408301063648043,1.2840397745833483,1.2840397745833483
25,32.15651850588101,2.2840397745833485,0.17408301063648043,0.17408301063648043,0.17408301063648043,2.2840397745833485,0.17408301063648043,2.2840397745833485,0.17408301063648043,0.17408301063648043,2.2840397745833485,0.17408301063648043,0.17408301063648043,2.2840397745833485,0.17408301063648043,2.2840397745833485,0.17408301063648043,0.17408301063648043,0.17408301063648043,2.2840397745833485,2.2840397745833485,1.2840397745833483,0.17408301063648043,0.17408301063648043,1.1740830106364804,1.2840397745833483,0.17408301063648043,1.2840397745833483,0.17408301063648043,0.17408301063648043,1.2840397745833483,0.17408301063648043,0.17408301063648043,1.2840397745833483,0.17408301063648043,1.2840397745833483,0.17408301063648043,0.17408301063648043,0.17408301063648043,1.2840397745833483,1.2840397745833483
26,27.884521427777216,2.2840397745833485,0.17408301063648043,0.17408301063648043,0.17408301063648043,2.2840397745833485,0.17408301063648043,2.2840397745833485,0.17408301063648043,0.17408301063648043,2.2840397745833485,0.17408301063648043,0.17408301063648043,2.2840397745833485,0.17408301063648043,2.2840397745833485,0.17408301063648043,0.17408301063648043,0.17408301063648043,2.2840397745833485,2.2840397745833485,1.2840397745833483,0.17408301063648043,0.17408301063648043,0.17408301063648043,2.2840397745833485,0.17408301063648043,1.2840397745833483,0.17408301063648043,0.17408301063648043,1.2840397745833483,0.17408301063648043,0.17408301063648043,1.2840397745833483,0.17408301063648043,1.2840397745833483,0.17408301063648043,0.17408301063648043,0.17408301063648043,1.2840397745833483,1.2840397745833483
27,31.679889140914185,2.2840397745833485,0.17408301063648043,0.17408301063648043,0.17408301063648043,2.2840397745833485,0.17408301063648043,2.2840397745833485,0.17408301063648043,0.17408301063648043,2.2840397745833485,0.17408301063648043,0.17408301063648043,2.2840397745833485,0.17408301063648043,2.2840397745833485,0.17408301063648043,0.17408301063648043,0.17408301063648043,2.2840397745833485,2.2840397745833485,1.2840397745833483,0.17408301063648043,0.17408301063648043,0.17408301063648043,1.2840397745833483,1.1740830106364804,1.2840397745833483,0.17408301063648043,0.17408301063648043,1.2840397745833483,0.17408301063648043,0.17408301063648043,1.2840397745833483,0.17408301063648043,1.2840397745833483,0.17408301063648043,0.17408301063648043,0.17408301063648043,1.2840397745833483,1.2840397745833483
28,25.220277152854692,2.2840397745833485,0.17408301063648043,0.17408301063648043,0.17408301063648043,2.2840397745833485,0.17408301063648043,2.2840397745833485,0.17408301063648043,0.17408301063648043,2.2840397745833485,0.17408301063648043,0.17408301063648043,2.2840397745833485,0.17408301063648043,2.2840397745833485,0.17408301063648043,0.17408301063648043,0.17408301063648043,2.2840397745833485,2.2840397745833485,1.2840397745833483,0.17408301063648043,0.17408301063648043,0.17408301063648043,1.2840397745833483,0.17408301063648043,2.2840397745833485,0.17408301063648043,0.17408301063648043,1.2840397745833483,0.17408301063648043,0.17408301063648043,1.2840397745833483,0.17408301063648043,1.2840397745833483,0.17408301063648043,0.17408301063648043,0.17408301063648043,1.2840397745833483,1.2840397745833483
29,31.84624329434793,2.2840397745833485,0.17408301063648043,0.17408301063648043,0.17408301063648043,2.2840397745833485,0.17408301063648043,2.2840397745833485,0.17408301063648043,0.17408301063648043,2.2840397745833485,0.17408301063648043,0.17408301063648043,2.2840397745833485,0.17408301063648043,2.2840397745833485,0.17408301063648043,0.17408301063648043,0.17408301063648043,2.2840397745833485,2.2840397745833485,1.2840397745833483,0.17408301063648043,0.17408301063648043,0.17408301063648043,1.2840397745833483,0.17408301063648043,1.2840397745833483,1.1740830106364804,0.17408301063648043,1.2840397745833483,0.17408301063648043,0.17408301063648043,1.2840397745833483,0.17408301063648043,1.2840397745833483,0.17408301063648043,0.17408301063648043,0.17408301063648043,1.2840397745833483,1.2840397745833483
30,31.967570096576367,2.2840397745833485,0.17408301063648043,0.17408301063648043,0.17408301063648043,2.2840397745833485,0.17408301063648043,2.2840397745833485,0.17408301063648043,0.17408301063648043,2.2840397745833485,0.17408301063648043,0.17408301063648043,2.2840397745833485,0.17408301063648043,2.2840397745833485,0.17408301063648043,0.17408301063648043,0.17408301063648043,2.2840397745833485,2.2840397745833485,1.2840397745833483,0.17408301063648043,0.17408301063648043,0.17408301063648043,1.2840397745833483,0.17408301063648043,1.2840397745833483,0.17408301063648043,1.1740830106364804,1.2840397745833483,0.17408301063648043,0.17408301063648043,1.2840397745833483,0.17408301063648043,1.2840397745833483,0.17408301063648043,0.17408301063648043,0.17408301063648043,1.2840397745833483,1.2840397745833483
31,24.201221671768053,2.2840397745833485,0.17408301063648043,0.17408301063648043,0.17408301063648043,2.2840397745833485,0.17408301063648043,2.2840397745833485,0.17408301063648043,0.17408301063648043,2.2840397745833485,0.17408301063648043,0.17408301063648043,2.2840397745833485,0.17408301063648043,2.2840397745833485,0.17408301063648043,0.17408301063648043,0.17408301063648043,2.2840397745833485,2.2840397745833485,1.2840397745833483,0.17408301063648043,0.17408301063648043,0.17408301063648043,1.2840397745833483,0.17408301063648043,1.2840397745833483,0.17408301063648043,0.17408301063648043,2.2840397745833485,0.17408301063648043,0.17408301063648043,1.2840397745833483,0.17408301063648043,1.2840397745833483,0.17408301063648043,0.17408301063648043,0.17408301063648043,1.2840397745833483,1.2840397745833483
32,31.840731758516,2.2840397745833485,0.17408301063648043,0.17408301063648043,0.17408301063648043,2.2840397745833485,0.17408301063648043,2.2840397745833485,0.17408301063648043,0.17408301063648043,2.2840397745833485,0.17408301063648043,0.17408301063648043,2.2840397745833485,0.17408301063648043,2.2840397745833485,0.17408301063648043,0.17408301063648043,0.17408301063648043,2.2840397745833485,2.2840397745833485,1.2840397745833483,0.17408301063648043,0.17408301063648043,0.17408301063648043,1.2840397745833483,0.17408301063648043,1.2840397745833483,0.17408301063648043,0.17408301063648043,1.2840397745833483,1.1740830106364804,0.17408301063648043,1.2840397745833483,0.17408301063648043,1.2840397745833483,0.17408301063648043,0.17408301063648043,0.17408301063648043,1.2840397745833483,1.2840397745833483
33,32.156518505881024,2.2840397745833485,0.17408301063648043,0.17408301063648043,0.17408301063648043,2.2840397745833485,0.17408301063648043,2.2840397745833485,0.17408301063648043,0.17408301063648043,2.2840397745833485,0.17408301063648043,0.17408301063648043,2.2840397745833485,0.17408301063648043,2.2840397745833485,0.17408301063648043,0.17408301063648043,0.17408301063648043,2.2840397745833485,2.2840397745833485,1.2840397745833483,0.17408301063648043,0.17408301063648043,0.17408301063648043,1.2840397745833483,0.17408301063648043,1.2840397745833483,0.17408301063648043,0.17408301063648043,1.2840397745833483,0.17408301063648043,1.1740830106364804,1.2840397745833483,0.17408301063648043,1.2840397745833483,0.17408301063648043,0.17408301063648043,0.17408301063648043,1.2840397745833483,1.2840397745833483
34,25.35547692208246,2.2840397745833485,0.17408301063648043,0.17408301063648043,0.17408301063648043,2.2840397745833485,0.17408301063648043,2.2840397745833485,0.17408301063648043,0.17408301063648043,2.2840397745833485,0.17408301063648043,0.17408301063648043,2.2840397745833485,0.17408301063648043,2.2840397745833485,0.17408301063648043,0.17408301063648043,0.17408301063648043,2.2840397745833485,2.2840397745833485,1.2840397745833483,0.17408301063648043,0.17408301063648043,0.17408301063648043,1.2840397745833483,0.17408301063648043,1.2840397745833483,0.17408301063648043,0.17408301063648043,1.2840397745833483,0.17408301063648043,0.17408301063648043,2.2840397745833485,0.17408301063648043,1.2840397745833483,0.17408301063648043,0.17408301063648043,0.17408301063648043,1.2840397745833483,1.2840397745833483
35,31.82381019901355,2.2840397745833485,0.17408301063648043,0.17408301063648043,0.17408301063648043,2.2840397745833485,0.17408301063648043,2.2840397745833485,0.17408301063648043,0.17408301063648043,2.2840397745833485,0.17408301063648043,0.17408301063648043,2.2840397745833485,0.17408301063648043,2.2840397745833485,0.17408301063648043,0.17408301063648043,0.17408301063648043,2.2840397745833485,2.2840397745833485,1.2840397745833483,0.17408301063648043,0.17408301063648043,0.17408301063648043,1.2840397745833483,0.17408301063648043,1.2840397745833483,0.17408301063648043,0.17408301063648043,1.2840397745833483,0.17408301063648043,0.17408301063648043,1.2840397745833483,1.1740830106364804,1.2840397745833483,0.17408301063648043,0.17408301063648043,0.17408301063648043,1.2840397745833483,1.2840397745833483
36,27.88452142777718,2.2840397745833485,0.17408301063648043,0.17408301063648043,0.17408301063648043,2.2840397745833485,0.17408301063648043,2.2840397745833485,0.17408301063648043,0.17408301063648043,2.2840397745833485,0.17408301063648043,0.17408301063648043,2.2840397745833485,0.17408301063648043,2.2840397745833485,0.17408301063648043,0.17408301063648043,0.17408301063648043,2.2840397745833485,2.2840397745833485,1.2840397745833483,0.17408301063648043,0.17408301063648043,0.17408301063648043,1.2840397745833483,0.17408301063648043,1.2840397745833483,0.17408301063648043,0.17408301063648043,1.2840397745833483,0.17408301063648043,0.17408301063648043,1.2840397745833483,0.17408301063648043,2.2840397745833485,0.17408301063648043,0.17408301063648043,0.17408301063648043,1.2840397745833483,1.2840397745833483
37,31.846243294347936,2.2840397745833485,0.17408301063648043,0.17408301063648043,0.17408301063648043,2.2840397745833485,0.17408301063648043,2.2840397745833485,0.17408301063648043,0.17408301063648043,2.2840397745833485,0.17408301063648043,0.17408301063648043,2.2840397745833485,0.17408301063648043,2.2840397745833485,0.17408301063648043,0.17408301063648043,0.17408301063648043,2.2840397745833485,2.2840397745833485,1.2840397745833483,0.17408301063648043,0.17408301063648043,0.17408301063648043,1.2840397745833483,0.17408301063648043,1.2840397745833483,0.17408301063648043,0.17408301063648043,1.2840397745833483,0.17408301063648043,0.17408301063648043,1.2840397745833483,0.17408301063648043,1.2840397745833483,1.1740830106364804,0.17408301063648043,0.17408301063648043,1.2840397745833483,1.2840397745833483
38,31.967570096576395,2.2840397745833485,0.17408301063648043,0.17408301063648043,0.17408301063648043,2.2840397745833485,0.17408301063648043,2.2840397745833485,0.17408301063648043,0.17408301063648043,2.2840397745833485,0.17408301063648043,0.17408301063648043,2.2840397745833485,0.17408301063648043,2.2840397745833485,0.17408301063648043,0.17408301063648043,0.17408301063648043,2.2840397745833485,2.2840397745833485,1.2840397745833483,0.17408301063648043,0.17408301063648043,0.17408301063648043,1.2840397745833483,0.17408301063648043,1.2840397745833483,0.17408301063648043,0.17408301063648043,1.2840397745833483,0.17408301063648043,0.17408301063648043,1.2840397745833483,0.17408301063648043,1.2840397745833483,0.17408301063648043,1.1740830106364804,0.17408301063648043,1.2840397745833483,1.2840397745833483
39,31.6798891409142,2.2840397745833485,0.17408301063648043,0.17408301063648043,0.17408301063648043,2.2840397745833485,0.17408301063648043,2.2840397745833485,0.17408301063648043,0.17408301063648043,2.2840397745833485,0.17408301063648043,0.17408301063648043,2.2840397745833485,0.17408301063648043,2.2840397745833485,0.17408301063648043,0.17408301063648043,0.17408301063648043,2.2840397745833485,2.2840397745833485,1.2840397745833483,0.17408301063648043,0.17408301063648043,0.17408301063648043,1.2840397745833483,0.17408301063648043,1.2840397745833483,0.17408301063648043,0.17408301063648043,1.2840397745833483,0.17408301063648043,0.17408301063648043,1.2840397745833483,0.17408301063648043,1.2840397745833483,0.17408301063648043,0.17408301063648043,1.1740830106364804,1.2840397745833483,1.2840397745833483
40,25.220277152854706,2.2840397745833485,0.17408301063648043,0.17408301063648043,0.17408301063648043,2.2840397745833485,0.17408301063648043,2.2840397745833485,0.17408301063648043,0.17408301063648043,2.2840397745833485,0.17408301063648043,0.17408301063648043,2.2840397745833485,0.17408301063648043,2.2840397745833485,0.17408301063648043,0.17408301063648043,0.17408301063648043,2.2840397745833485,2.2840397745833485,1.2840397745833483,0.17408301063648043,0.17408301063648043,0.17408301063648043,1.2840397745833483,0.17408301063648043,1.2840397745833483,0.17408301063648043,0.17408301063648043,1.2840397745833483,0.17408301063648043,0.17408301063648043,1.2840397745833483,0.17408301063648043,1.2840397745833483,0.17408301063648043,0.17408301063648043,0.17408301063648043,2.2840397745833485,1.2840397745833483
41,24.20122167176802,2.2840397745833485,0.17408301063648043,0.17408301063648043,0.17408301063648043,2.2840397745833485,0.17408301063648043,2.2840397745833485,0.17408301063648043,0.17408301063648043,2.2840397745833485,0.17408301063648043,0.17408301063648043,2.2840397745833485,0.17408301063648043,2.2840397745833485,0.17408301063648043,0.17408301063648043,0.17408301063648043,2.2840397745833485,2.2840397745833485,1.2840397745833483,0.17408301063648043,0.17408301063648043,0.17408301063648043,1.2840397745833483,0.17408301063648043,1.2840397745833483,0.17408301063648043,0.17408301063648043,1.2840397745833483,0.17408301063648043,0.17408301063648043,1.2840397745833483,0.17408301063648043,1.2840397745833483,0.17408301063648043,0.17408301063648043,0.17408301063648043,1.2840397745833483,2.2840397745833485
42,6.822813437200125,2.2917403459330363,-0.019810761597757076,-0.019851230264543523,-0.025131560533662667,2.295808978740051,-0.019374344334097182,2.2915338613628125,-0.022140000934889076,-0.024157072733277996,2.2903897755671285,-0.019851230264543968,-0.025131560533662833,2.291740345933036,-0.019810761597757576,2.295808978740051,-0.022140000934889326,-0.024157072733278773,-0.019374344334096655,2.2915338613628125,2.2903897755671285,1.1957264874830724,-0.021767048189753585,-0.022048371028815295,-0.02729836139133829,1.1536808367644187,-0.0193743443340966,1.1979741989256318,-0.02214000093488891,-0.024157072733278218,1.2149161114638327,-0.022048371028815378,-0.027298361391338455,1.195726487483072,-0.021767048189753863,1.1536808367644196,-0.022140000934889048,-0.02415707273327866,-0.019374344334096738,1.1979741989256316,1.2149161114638332
43,12.000129141261926,1.8324988075782822,0.37516923495996635,0.3751147991938991,0.3680120491872218,2.7617701920697173,-0.0861429902530921,2.294120322997938,-0.089863168052315,-0.09257639923280805,2.2925813746786523,-0.08678446557244372,-0.09388721557912062,2.294398072344624,-0.08673002980637654,2.299870927303375,-0.08986316805231534,-0.0925763992328091,-0.0861429902530914,2.2941203229979377,2.2925813746786523,1.1652465990485508,-0.0893614967594238,-0.08973991358094537,-0.09680185235787082,1.1086895788051019,-0.08614299025309131,1.1682700713788736,-0.08986316805231478,-0.09257639923280837,1.1910592082814608,-0.08973991358094548,-0.09680185235787103,1.16524659904855,-0.0893614967594242,1.108689578805103,-0.08986316805231497,-0.09257639923280896,-0.08614299025309151,1.1682700713788732,1.1910592082814615
44,8.955187518063696,2.1822554685898683,0.08967411574541093,0.08963364707862448,-0.4715883332381482,2.405293856083219,-0.019374344334097182,2.2915338613628125,-0.022140000934889076,-0.024157072733277996,2.2903897755671285,-0.019851230264543968,-0.025131560533662833,2.291740345933036,-0.019810761597757576,2.295808978740051,-0.022140000934889326,-0.024157072733278773,-0.019374344334096655,2.2915338613628125,2.278990952238337,1.207125310811864,-0.010368224860962005,-0.010649547700023715,-0.01589953806254671,1.1650796600932103,-0.00797552100530502,1.2093730222544234,-0.01074117760609733,-0.012758249404486638,1.2263149347926243,-0.010649547700023798,-0.015899538062546875,1.2071253108118636,-0.010368224860962283,1.1650796600932112,-0.010741177606097468,-0.012758249404487082,-0.007975521005305158,1.2093730222544232,1.2263149347926248
45,18.758500416323166,2.3314245825675255,-0.3126033143648954,-0.31269879554587565,-0.04876649967002739,2.2825916703848534,-0.282357445368171,2.301721213407306,-0.2888826951329563,-0.29364174485526223,2.2990218741013915,-0.2834826030629428,-0.29594093712968494,2.30220839008459,-0.2833871218819626,2.3118078628677874,-0.28888269513295667,-0.2936417448552638,-0.28235744536816976,2.301721213407306,2.0506223179075995,1.3240742518611683,-0.03960319968286786,-0.040266948677913375,-0.052653699212440674,1.2248723580383498,-0.03395788917437765,1.3293774693892106,-0.040483138939163915,-0.045242188661470645,1.3693499702315974,-0.040266948677913764,-0.05265369921244098,1.3240742518611672,-0.03960319968286881,1.2248723580383514,-0.04048313893916419,-0.04524218866147168,-0.033957889174378114,1.3293774693892102,1.3693499702315988
46,8.296748805701334,2.166453969065728,0.10547561526955154,-0.3957103608664694,-0.025131560533662636,2.4210953556073593,-0.019374344334097182,2.1673969558335213,0.10199690459440207,0.09997983279601315,2.4145266810964197,-0.019851230264543968,-0.025131560533662833,2.291740345933036,-0.019810761597757576,2.295808978740051,-0.022140000934889326,-0.024157072733278773,-0.019374344334096655,2.2915338613628125,2.2903897755671285,1.1957264874830724,-0.021767048189753585,-0.022048371028815295,-0.02729836139133829,1.1536808367644187,-0.0193743443340966,1.1979741989256318,-0.02214000093488891,-0.024157072733278218,1.2149161114638327,-0.022048371028815378,-0.027298361391338455,1.195726487483072,-0.021767048189753863,1.1536808367644196,-0.022140000934889048,-0.02415707273327866,-0.019374344334096738,1.1979741989256316,1.2149161114638332
47,11.836375302364882,2.4423004759709945,-0.24738805435153677,0.3661408597295348,-0.048726315010685875,2.1533023482987073,-0.09939625982595213,1.850595864489209,0.3407319535653788,0.33788053794472356,2.7370542563018425,-0.10007040538310721,-0.10753489733803417,2.2949256188314346,-0.10001319721197813,2.3006772054382667,-0.10330590569932448,-0.1061573213199804,-0.09939625982595143,2.294633723753912,2.275306278957644,1.1769065992559011,-0.08506856628636184,-0.08546625581748732,-0.0928878580331071,1.1174691388067781,-0.08168614174645623,1.180084056559681,-0.08559578761982885,-0.08844720324048456,1.2040338406446034,-0.08546625581748749,-0.09288785803310737,1.1769065992559005,-0.0850685662863623,1.1174691388067792,-0.085595787619829,-0.08844720324048516,-0.08168614174645641,1.1800840565596808,1.204033840644604
48,8.256209237516089,2.0282173904852847,-0.3363425131084033,-0.01985123026454354,-0.025131560533662525,2.3488177748029457,0.19113981505075933,2.449419480901455,0.030488538911325067,0.028471467112936147,2.343018315413343,-0.019851230264543968,-0.025131560533662833,2.291740345933036,-0.019810761597757576,2.295808978740051,-0.022140000934889326,-0.024157072733278773,-0.019374344334096655,2.2915338613628125,2.2903897755671285,1.1957264874830724,-0.021767048189753595,-0.022048371028815305,-0.0272983613913383,1.1536808367644187,-0.01937434433409661,1.1979741989256318,-0.02214000093488892,-0.024157072733278228,1.2149161114638327,-0.022048371028815388,-0.027298361391338465,1.195726487483072,-0.021767048189753873,1.1536808367644196,-0.02214000093488906,-0.024157072733278672,-0.01937434433409675,1.1979741989256316,1.2149161114638332
49,12.260243312394827,2.3116009142132437,0.43589989149149666,-0.07092398217854094,-0.052561206962259535,1.7544944906837125,0.41841402155991897,2.6814705466899884,0.027985443834601963,0.024998421021595073,2.4379266755059454,-0.11310855203233978,-0.12092803916545347,2.2954433261639493,-0.11304862316367009,2.301468445855776,-0.11649792578270554,-0.11948494859571313,-0.11240234556284981,2.295137549184526,2.272854734916123,1.173847773703714,-0.0953570599643733,-0.09577366275400548,-0.10354822040408393,1.1115835955100335,-0.09181377459033499,1.1771763440408454,-0.09590935481019024,-0.09889637762319763,1.202265128331019,-0.09577366275400569,-0.10354822040408425,1.1738477737037134,-0.09535705996437384,1.1115835955100346,-0.09590935481019046,-0.09889637762319829,-0.09181377459033523,1.1771763440408451,1.2022651283310197
50,5.895242263219394,1.9951270261615703,-0.019810761597757055,-0.019851230264543523,-0.02513156053366281,1.9991956589685849,-0.17744013927786584,2.152986336535115,-0.04165827105096037,-0.04367534284934929,2.1908787909715737,0.06014148421493956,0.054861153945820695,2.3717330604125193,-0.019810761597757576,2.295808978740051,-0.022140000934889326,-0.024157072733278773,-0.019374344334096655,2.2915338613628125,2.2903897755671285,1.1957264874830724,-0.021767048189753578,-0.022048371028815288,-0.02729836139133828,1.1536808367644187,-0.019374344334096592,1.1979741989256318,-0.022140000934888902,-0.02415707273327821,1.2149161114638327,-0.02204837102881537,-0.027298361391338448,1.195726487483072,-0.021767048189753856,1.1536808367644196,-0.02214000093488904,-0.024157072733278655,-0.01937434433409673,1.1979741989256316,1.2149161114638332
51,12.970192482756001,2.214296454600806,-0.09176445802460217,-0.08225368323339452,-0.05864605029710973,2.1614587319109044,-0.08631096674644492,2.164371864369366,0.040863537312759365,0.03766134585068533,1.8635382695603173,0.47507947771470993,0.4666967178554881,2.905140501094394,-0.13373200244024497,2.30272391120957,-0.13742977379595345,-0.14063196525802818,-0.13303917056548833,2.295936971659034,2.2689648570239913,1.1689943190278775,-0.11168186727911475,-0.11212847983601507,-0.12046307374004422,1.1022449728438928,-0.1078833431690778,1.1725626612139703,-0.1122739463995425,-0.11547613786161695,1.199458703151774,-0.11212847983601532,-0.12046307374004456,1.1689943190278766,-0.11168186727911536,1.102244972843894,-0.11227394639954263,-0.11547613786161773,-0.10788334316907816,1.17256266121397,1.199458703151775
52,8.896281989782707,1.9951270261615703,-0.019810761597757007,-0.019851230264543548,-0.02513156053366255,1.9991956589685849,-0.5020889759998359,2.4776351732570854,0.07639585139339236,0.07437877959500344,2.2794193828048384,0.08965501482602778,0.08437468455690891,2.4012465910236074,-0.019810761597757576,2.2825414838118356,-0.008872506006674035,-0.010889577805063482,-0.006106849405881364,2.3048013562910277,2.2903897755671285,1.1957264874830724,-0.021767048189753578,-0.022048371028815288,-0.02729836139133828,1.1536808367644187,-0.019374344334096592,1.1979741989256318,-0.022140000934888902,-0.02415707273327821,1.2149161114638327,-0.02204837102881537,-0.027298361391338448,1.195726487483072,-0.021767048189753856,1.1536808367644196,-0.02214000093488904,-0.024157072733278655,-0.01937434433409673,1.1979741989256316,1.2149161114638332
53,11.475498127484006,2.0204771800750523,-0.08926764358240141,-0.08008829975014563,-0.05748308763890313,1.9696141246686054,-0.18659046960273115,2.0748800460958883,-0.15339191449102163,-0.15655298195198145,2.1685841864180415,-0.024398017971828626,-0.032673122611219435,2.4015520807247217,-0.12977890185564672,1.8316435059340481,0.33741127033619667,0.33425020287523605,0.34174548744038546,2.7666246375196506,2.269708308002856,1.1699219331406303,-0.1085617965945122,-0.1090026735495582,-0.11723023080288902,1.1040298124596646,-0.10481205486103937,1.173444449051257,-0.10914627196522769,-0.11230733942618809,1.1999950797693644,-0.10900267354955842,-0.11723023080288933,1.1699219331406296,-0.10856179659451282,1.1040298124596657,-0.10914627196522791,-0.11230733942618876,-0.1048120548610397,1.1734444490512566,1.199995079769365
54,8.367532064941805,1.9951270261615703,-0.019810761597757062,-0.019851230264543513,-0.025131560533662684,1.9991956589685849,-0.17744013927786587,2.152986336535115,0.1895128732169123,-0.44073118673932454,2.3567634905936763,0.1254279288607097,0.12014759859159083,2.4070448707430816,0.010163872717450322,2.3197886861922172,-0.016145074071847745,-0.018162145870237192,-0.013379417471055075,2.297528788225854,2.2903897755671285,1.1957264874830724,-0.02176704818975359,-0.022048371028815298,-0.027298361391338292,1.1536808367644187,-0.019374344334096603,1.1979741989256318,-0.022140000934888913,-0.02415707273327822,1.2149161114638327,-0.02204837102881538,-0.02729836139133846,1.195726487483072,-0.021767048189753866,1.1536808367644196,-0.02214000093488905,-0.024157072733278665,-0.01937434433409674,1.1979741989256316,1.2149161114638332
55,11.272516888688418,2.0243189233382823,-0.09979363523358323,-0.08921705520791726,-0.06238586896859237,1.9651311278197177,-0.2321909851313566,2.1072570705113334,-0.12935467432695197,-0.033618912085330695,2.028408805101878,0.14055711427080442,0.13182816014785015,1.9137406664609442,0.5236529945123565,2.808816970370416,0.014481076356167168,0.011146639627120668,0.01905300431479339,2.4612041247844254,2.2665740907921865,1.1660113267930683,-0.12171529227370073,-0.12218034919831597,-0.13085914819095215,1.0965053418475226,-0.1177598953342342,1.1697270356718263,-0.12233182329285991,-0.12566626002190623,1.1977338401260742,-0.12218034919831625,-0.1308591481909525,1.1660113267930674,-0.12171529227370134,1.096505341847524,-0.1223318232928601,-0.12566626002190698,-0.11775989533423456,1.169727035671826,1.197733840126075
56,8.489869819671597,1.9838158032620663,-0.017893642531037878,-0.02014506942094142,-0.028727406006094223,1.998304116893485,-0.1747462426455817,2.1514630980382976,-0.36151248657047824,-0.03946213553800176,2.5178208403923072,0.18407138937896916,0.17879105910985027,2.4516139675367774,0.024238236442013963,2.330876599981614,-0.013158624136681247,-0.015175695935070694,-0.010392967535888576,2.3005152381610205,2.2890357099674827,1.1970805530827182,-0.02041298259010776,-0.020694305429169467,-0.025944295791692464,1.1550349023640645,-0.018020278734450775,1.1993282645252776,-0.020785935335243085,-0.02280300713363239,1.2162701770634785,-0.02069430542916955,-0.025944295791692627,1.1970805530827178,-0.020412982590108035,1.1550349023640654,-0.02078593533524322,-0.022803007133632834,-0.01802027873445091,1.1993282645252774,1.216270177063479
57,11.232014180488783,1.20361996869994,0.01803165268407355,-0.1304180719995422,-0.3364797845202209,1.8901341535776177,-0.05028370514569064,1.9826573061055692,0.16422032767003725,0.1819604553286443,2.279408994942293,0.020002050548948623,0.010295363639354793,2.4261968384004033,-0.10792487084046559,2.313161426824247,-0.1196932935917173,-0.12340122158547216,-0.11460926260215099,2.3647510480332032,2.160585449943552,1.256823229056718,-0.050815445151890785,-0.051332593243035754,-0.06098350713102232,1.179531857753119,-0.04641700300707489,1.2609551356087823,-0.051501033996640605,-0.05520896199039514,1.2920989906853844,-0.05133259324303601,-0.06098350713102257,1.2568232290567174,-0.05081544515189144,1.1795318577531204,-0.05150103399664085,-0.055208961990395974,-0.046417003007075186,1.2609551356087818,1.2920989906853855
58,8.37141526567219,1.994944023659084,-0.02001686975471241,-0.020095012272942515,-0.025438034416902153,1.9991949783816734,-0.177632491619703,2.1529696425852918,-0.041828224123038424,-0.04384772971858806,2.1909355768545935,0.30045543190723323,-0.3386885251457549,2.524556766705933,0.06767947980112228,2.3608957153046304,0.00026350389941100574,-0.0017535678989784413,0.0030291605002036766,2.2886955407436758,2.314647929794694,1.196710158708944,-0.020783376963882178,-0.021064699802943888,-0.02631469016546688,1.1546645079902902,-0.018390673108225192,1.1989578701515033,-0.021156329709017502,-0.02317340150740681,1.2158997826897042,-0.02106469980294397,-0.026314690165467048,1.1967101587089435,-0.020783376963882456,1.154664507990291,-0.02115632970901764,-0.023173401507407255,-0.01839067310822533,1.1989578701515031,1.2158997826897047
59,9.095291592825635,1.9214754856642726,-0.08911395910234032,-0.09874531125356968,-0.10244750062817565,1.9577957001818476,-0.2146651440465046,2.094120009413111,-0.10485421361249711,-0.07719999959407367,2.1374893490637388,-0.059660064042612496,0.0540258164640342,2.2942347434911325,-0.057105364215650205,2.1878894561317517,0.054592790710251526,0.051270627643152475,0.05914788995003474,1.707010010041442,3.017365979711741,1.2087844082994212,-0.0782878612374259,-0.07875120634324148,-0.0873980597169915,1.1395342665537544,-0.07434702364001565,1.2124864400991466,-0.0789021228797984,-0.08222428594689721,1.2403901548629803,-0.07875120634324169,-0.08739805971699177,1.2087844082994206,-0.07828786123742651,1.1395342665537556,-0.07890212287979867,-0.0822242859468979,-0.07434702364001597,1.2124864400991462,1.2403901548629812
60,8.670905691079998,1.9988992330636453,-0.02209614891298662,-0.02138156253956849,-0.023381788785065524,1.999772994583984,-0.18015070703963906,2.153576134765726,-0.044912542760094265,-0.04694927763381619,2.1899543629086375,-0.2542800719589581,0.05256404948422052,2.6836289585051336,0.1540494850125319,2.4323492483961298,0.015179976019321362,0.013162904220931915,0.017945632620114033,2.31034128415954,2.3061869393459835,1.1984418778617005,-0.01905165781112542,-0.01933298065018713,-0.024582971012710123,1.1563962271430468,-0.016658953955468434,1.20068958930426,-0.019424610556260744,-0.021441682354650052,1.2176315018424608,-0.019332980650187213,-0.02458297101271029,1.1984418778617,-0.019051657811125697,1.1563962271430477,-0.019424610556260883,-0.021441682354650497,-0.016658953955468573,1.2006895893042597,1.2176315018424613
61,14.793074245603936,2.1651921656037634,-0.28063331445756146,-0.23785792382067186,0.004818190294441527,1.9716390306424267,-0.416709931070584,2.098668949142821,-0.36654879997761186,-0.31983430760043396,2.02778009397446,-0.1979068968924141,-0.17671676387554625,2.2212448378550462,-0.3272906081670061,2.256450782221702,-0.27998919067132977,-0.28420121662435904,-0.27421397860946506,2.267576998961099,2.0744289772726936,1.3102860458797239,-0.024227758513791366,-0.024815213605996905,-0.035778182637519515,1.2224868053269669,-0.019231342052073216,1.3149796908647664,-0.025006554113937318,-0.029218580066966336,1.3503575962828254,-0.02481521360599721,-0.03577818263751989,1.310286045879723,-0.024227758513792292,1.2224868053269684,-0.025006554113937585,-0.029218580066967315,-0.019231342052073764,1.314979690864766,1.3503575962828263
62,8.603003428938774,1.9795643919692572,-0.017643368616533237,-0.02072888649381558,-0.03052069378904699,1.9980003960251569,-0.1742055403803047,2.150906938134652,-0.035929316740250586,-0.03836009130445515,2.1944446111047027,0.06125122876372428,0.055906336708943384,2.3732809680261595,-0.3504077958105094,2.626434806363822,0.07209032935525267,0.07007325755686322,0.07485598595604534,2.3391947544567304,2.333266958202046,1.1994187420443785,-0.018074793628447626,-0.018356116467509332,-0.02360610683003233,1.1573730913257247,-0.01568208977279064,1.201666453486938,-0.01844774637358295,-0.020464818171972255,1.2186083660251388,-0.018356116467509415,-0.023606106830032492,1.199418742044378,-0.0180747936284479,1.1573730913257256,-0.018447746373583086,-0.0204648181719727,-0.015682089772790776,1.2016664534869377,1.2186083660251392
63,10.548520245484266,1.2079453288707414,0.026212257007907393,-0.12175598129229703,-0.33406603454265354,1.8920379743361344,-0.04367201867199272,1.98618372252919,0.17236145304327385,0.18852763994194258,2.283163113196115,0.043943365954890255,0.07287532645860283,2.360985722679205,-0.05713769668899836,2.2054440745109942,-0.1399197507042375,-0.14354395350062818,-0.13495051738569508,2.3459996737103603,2.1600610029854144,1.250818800907373,-0.052356205997051444,-0.05286167685873827,-0.06229467263413542,1.1752726725879532,-0.048057080893259524,1.254857408805271,-0.05302631421180151,-0.056650517008191806,1.2852980340949514,-0.05286167685873848,-0.06229467263413567,1.2508188009073724,-0.052356205997052124,1.1752726725879548,-0.053026314211801685,-0.05665051700819264,-0.048057080893259795,1.2548574088052709,1.2852980340949522
64,8.278457440205369,1.9992562572898978,-0.0232651201041056,-0.02247932671652898,-0.023670338865542977,1.9999269637375887,-0.18139681188618578,2.15367025868517,-0.046211560751298925,-0.048273135079747974,2.1898867559410045,0.05702520164509988,0.05131857998464397,2.3711283818208626,-0.023042701334602282,2.2958282695908205,0.14451791554732873,-0.4492283221790302,0.1472835721481214,2.373959945687139,2.3686237645806645,1.201724330627428,-0.015769205045398013,-0.016050527884459723,-0.021300518246982716,1.1596786799087742,-0.013376501189741027,1.2039720420699873,-0.016142157790533337,-0.018159229588922646,1.2209139546081882,-0.016050527884459806,-0.021300518246982883,1.2017243306274275,-0.01576920504539829,1.159678679908775,-0.016142157790533476,-0.01815922958892309,-0.013376501189741166,1.203972042069987,1.2209139546081886
65,14.345941887920645,2.146610915498953,-0.2776336787766854,-0.23839747080515916,-0.002376842173659948,1.969158015120407,-0.4117150770519623,2.095026155411845,-0.3594265696667269,-0.31242686907122863,2.030514089038679,-0.1963554753077422,-0.17433186687217533,2.2216335954426616,-0.2613236733581474,2.189961544080801,-0.3422392663771687,-0.1962075453942976,-0.33642513517656314,2.2388436879993505,2.044105710071188,1.3088059040405204,-0.0272211896519394,-0.027812603602450456,-0.03884945205314898,1.220414984638952,-0.02219110235296055,1.3135311794866467,-0.028005233553565413,-0.03224564433830106,1.349147496515322,-0.027812603602450737,-0.038849452053149366,1.3088059040405196,-0.027221189651940172,1.2204149846389536,-0.028005233553565663,-0.032245644338301946,-0.022191102352961112,1.313531179486646,1.3491474965153232
66,8.361556489955298,1.9708572807655045,-0.01686570251452685,-0.021660440532879775,-0.034142778423043696,1.9973445748391352,-0.17281699064389017,2.1497563494690732,-0.03316567769944672,-0.03581426478731242,2.196478899143936,0.06144157662232299,0.05606672007373186,2.3741767067417285,-0.01973426134537504,2.2953854040297648,-0.4093833966360287,-0.025824588019762056,0.2386837748110933,2.4202283644063174,2.4119974416354575,1.2034824375164288,-0.014011098156397114,-0.01429242099545882,-0.019542411357981817,1.161436786797775,-0.011618394300740126,1.2057301489589882,-0.014384050901532436,-0.016401122699921743,1.222672061497189,-0.0142924209954589,-0.01954241135798198,1.2034824375164284,-0.014011098156397388,1.161436786797776,-0.01438405090153257,-0.016401122699922187,-0.011618394300740261,1.205730148958988,1.2226720614971895
67,10.21551475018737,1.2128699997612182,0.03283363922365022,-0.11446420744411377,-0.33123094747522885,1.8937080452518709,-0.03844423334527258,1.9892438308498117,0.1786281368380681,0.19353260563579414,2.2858773665311647,0.05117559890027192,0.07928866018896111,2.364623850225766,-0.04989617499081633,2.2088607481773703,-0.04888507500626573,-0.08438261668788521,-0.2150290817663733,2.3027666670055305,2.1253612902885357,1.2446455682837039,-0.054889645538005426,-0.055385594476100905,-0.0646408940244388,1.170522557528516,-0.05067150619195033,1.2486080979766379,-0.05554713043516706,-0.05910306147798625,1.278475290987528,-0.055385594476101085,-0.0646408940244391,1.2446455682837032,-0.054889645538005974,1.1705225575285174,-0.05554713043516719,-0.059103061477986975,-0.05067150619195059,1.2486080979766374,1.278475290987529
68,8.621752621391966,2.004446791321377,-0.029265756717530723,-0.027439877520649983,-0.022484322096173952,2.0010304923895266,-0.1881038139001719,2.1545982778123745,-0.05366412130063275,-0.055830086557334645,2.188663804757995,0.05147797173267342,0.045060065032093435,2.370321080658492,-0.02887636182622586,2.295878322557167,-0.03162092978621177,-0.03160078253752669,-0.31332192512052126,2.5760753822732108,2.5636342775408525,1.2143147537129404,-0.0031787819598856765,-0.003460104798947386,-0.00871009516147038,1.1722691029942867,-0.0007860781042286873,1.2165624651554998,-0.0035517347050209973,-0.005568806503410309,1.2335043776937007,-0.0034601047989474623,-0.008710095161470546,1.21431475371294,-0.003178781959885954,1.1722691029942875,-0.0035517347050211326,-0.00556880650341075,-0.000786078104228826,1.2165624651554996,1.2335043776937011
69,13.221632033960176,2.130332577219804,-0.2726877614080541,-0.2365486910349665,-0.008355335202860064,1.9665651868436447,-0.40479427824448433,2.091593859608005,-0.3507756493849604,-0.3033359248656461,2.0327254298063995,-0.19274315507230114,-0.16958157795962767,2.221905537950651,-0.2578010752724043,2.1883706446007447,-0.26843874254644595,-0.19380433494210408,-0.26607446325366124,2.09936100230497,1.9071688394320865,1.3006099359504244,-0.03692819532880147,-0.03752356224699996,-0.04863418018733999,1.2116282180938138,-0.031864487293381955,1.30536679479281,-0.03771747972265123,-0.04198623310363239,1.3412211686854407,-0.03752356224700021,-0.04863418018734049,1.3006099359504235,-0.0369281953288024,1.2116282180938154,-0.03771747972265141,-0.04198623310363316,-0.03186448729338239,1.3053667947928096,1.3412211686854416
70,6.747050345325853,1.603669386976409,0.009252458984585321,-0.06457924650024785,-0.1779283538686417,1.9468080104099386,-0.10550263642848012,2.071846106225397,0.07157068923474655,0.07756435786349418,2.239719807988675,0.05846194335598426,0.06964710660852241,2.369586428566992,-0.032111261464737195,2.253425189274646,-0.03267611551206788,-0.05217393711652539,-0.09444127748335585,2.279187444054094,2.192679479856116,1.2179044104574668,-0.039415021678150156,-0.0398005315230264,-0.04699483887826442,1.1602872886470548,-0.03613618766913175,1.2209845545809859,-0.03992609626918886,-0.042690184100432294,1.2442008497680122,-0.03980053152302657,-0.04699483887826461,1.2179044104574661,-0.03941502167815059,1.1602872886470559,-0.039926096269188985,-0.04269018410043291,-0.03613618766913197,1.2209845545809856,1.2442008497680128
71,6.182317662011535,1.998487965213256,-0.023634478578605744,-0.02300130832095983,-0.024322893021887004,1.999904681413597,-0.18171970810751276,2.153584889278354,-0.04641994648733188,-0.048503802892900426,2.1900847744205256,0.056610409318077426,0.05087407803078282,2.371210492262012,-0.023523151067213813,2.2958389319423587,-0.026017770324425378,-0.027245362771907877,-0.02217428752925228,2.2904831000039003,2.284774588460245,1.2036654012919143,-0.01382813438091174,-0.014109457219973452,-0.14653653524225654,1.1616197505732606,-0.011435430525254755,1.2059131127344738,-0.014201087126047065,-0.016218158924436375,1.2228550252726746,-0.014109457219973531,-0.019359447582496612,1.203665401291914,-0.01382813438091202,1.1616197505732615,-0.014201087126047202,-0.016218158924436815,-0.011435430525254893,1.2059131127344735,1.222855025272675
72,6.520428817103092,2.016638710388246,-0.08160241896075585,-0.07488747849017882,-0.025669473047066266,1.9890733519075792,-0.23130095220863645,2.13476273567725,-0.11488848783717207,-0.10407472894161127,2.152448771670431,-0.0026733879945353284,-5.1404122293874366e-05,2.333816063692654,-0.07907321844472046,2.267255853838998,-0.08339214629094278,-0.06677493394322655,-0.08306927435097625,2.2427823896084784,2.192536281263234,1.219653078955902,-0.029509927650217534,-0.029874099781958777,0.01739614526716523,1.165225026460309,-0.026412574919645333,1.2225627391537948,-0.029992714603056768,-0.032603812013933725,1.2444940278660381,-0.029874099781958943,-0.03667020701704064,1.2196530789559015,-0.02950992765021794,1.1652250264603101,-0.02999271460305695,-0.03260381201393429,-0.026412574919645555,1.2225627391537943,1.2444940278660388
73,5.930927118514052,1.9983228289434949,-0.020506098958857133,-0.02041674995477467,-0.025416920017417043,2.001806680157207,-0.17585648488231762,2.1532829428420954,-0.04034316466435468,-0.04237220567864488,2.1865991069610473,0.06578753670553425,0.060475873187360175,2.3785756050671365,-0.020961318768622204,2.295878816683177,-0.023304379710187742,-0.02533342072447847,-0.020522311823991085,2.2915783309462543,2.2901042664388167,1.197834458497069,-0.019659077175757024,-0.019940400014818734,-0.028170159895512883,1.1557888077784153,-0.01726637332010004,1.2000821699396285,-0.02003202992089235,-0.022049101719281657,1.2170240824778293,-0.019940400014818817,-0.07485158037839806,1.1978344584970686,-0.0196590771757573,1.1557888077784162,-0.020032029920892487,-0.0220491017192821,-0.017266373320100177,1.2000821699396282,1.2170240824778298
74,6.096126978850258,2.013344904044064,-0.028495613332099583,-0.02801220511618758,-0.029965214430797787,2.0135158745163206,-0.1658711274017528,2.1485677767841107,-0.03548516379989472,-0.03408319607127692,2.1521052496126183,0.09687372411109504,0.09485569333834186,2.413986001900086,-0.03155084834819502,2.288899219384844,-0.03396100475479389,-0.03382047780114347,-0.035163934468118246,2.28272622009002,2.2812189832719745,1.191860440832197,-0.03375973717828415,-0.03406231981581084,-0.033873854774006805,1.1466373656868996,-0.031186214723158655,1.1942780136782445,-0.03416087426929408,-0.036330377843454505,1.2125002404894518,-0.03406231981581094,-0.010126374446996947,1.1918604408321964,-0.03375973717828447,1.1466373656869004,-0.03416087426929422,-0.03633037784345498,-0.031186214723158814,1.194278013678244,1.2125002404894523
75,5.965553871086399,1.995962775527077,-0.02053563209764745,-0.02040809180332479,-0.02540531206612565,1.9992584058836187,-0.17826708946350775,2.1531214675653847,-0.042010478249669914,-0.04361257540629164,2.1891393545007864,0.061590671183658074,0.05627247012525616,2.365481977877324,-0.012054972972812699,2.3027242078495624,-0.02123173752589237,-0.023263275862765654,-0.018446245499469143,2.2939031938549532,2.2900536730886687,1.1978801024728292,-0.019613433199996783,-0.019894756039058492,-0.0283610335311231,1.1558344517541754,-0.017220729344339797,1.2001278139153886,-0.019986385945132107,-0.022003457743521415,1.2170697264535895,-0.019894756039058575,-0.028361033531123275,1.1978801024728287,-0.01961343319999706,1.1558344517541763,-0.019986385945132246,-0.07163415490952646,-0.017220729344339936,1.2001278139153884,1.21706972645359
76,5.854572053796318,1.996627250052874,-0.028487626406090955,-0.027721759486587984,-0.02961567502675539,1.9953911367690866,-0.18273440478107728,2.1473725441305396,-0.04717110728546999,-0.04275603136381992,2.1702155531123735,0.06707325703846491,0.06504451359136691,2.321666167281272,0.03097336449211406,2.3366570949238255,-0.019184271654969713,-0.019040948323550886,-0.020398671194745192,2.2988903050089218,2.2808408388112262,1.1909942790438006,-0.03468732155030655,-0.03499006487310703,-0.034921119414391764,1.1457471883691552,-0.03211243243659248,1.1934131357320337,-0.03508867166353027,-0.037259327343702686,1.2116450393823628,-0.03499006487310714,-0.037167281366923995,1.1909942790438002,-0.03468732155030686,1.1457471883691561,-0.03508867166353041,-0.00595437131355139,-0.03211243243659264,1.1934131357320334,1.2116450393823632
77,5.837274596057874,1.9979364017829404,-0.036929356581434286,-0.035453715120946805,-0.03407646588993154,1.9919951408712555,-0.18410546215339788,2.1383324603381197,-0.05810509516344592,-0.0503831505595034,2.1608394644644933,0.0578848435006282,0.05887402642929917,2.316445973175569,0.021235946403436408,2.2851522769833434,0.01610345513588056,0.018252712173866103,0.011193060289519899,2.3383735810765316,2.2719414744796675,1.187991481069666,-0.04529679060650411,-0.0456194334508382,-0.042076905657962106,1.1397702687962885,-0.04255265230542232,1.1905693308293528,-0.045724521731691135,-0.04803785606469082,1.209999629727287,-0.045619433450838326,-0.046409740754175546,1.1879914810696655,-0.04529679060650446,1.1397702687962894,-0.045724521731691295,-0.013559979552730611,-0.0425526523054225,1.1905693308293526,1.2099996297272875
78,5.784283096744037,1.9906033506295202,-0.044094698496208555,-0.04353714160024567,-0.041954642682480926,1.9875971849244036,-0.18785329992510583,2.1320782503628792,-0.06469592970471767,-0.053763115060138894,2.154870687327682,0.04958240891294644,0.05887873825699987,2.3036360049872897,0.02024292687583015,2.2686558989702688,0.025436747358263772,0.02950565675578045,0.01697928714579193,2.2749546513014853,2.3375693162365794,1.1884833583715357,-0.052165211159445675,-0.05250710899772856,-0.046336237628972404,1.1373843536200905,-0.04925730549978193,1.1912150515602506,-0.052618468839372164,-0.055069860592102816,1.2118049307627627,-0.0525071089977287,-0.05268816040459741,1.1884833583715353,-0.05216521115944606,1.1373843536200916,-0.05261846883937232,-0.01822137554570165,-0.04925730549978213,1.1912150515602502,1.2118049307627632
79,6.084984769338224,1.9976080036098345,-0.05811222457847102,-0.0580205257091327,-0.05092068113756593,1.9954731965754848,-0.190472360025509,2.1300677660969187,-0.0678507518730144,-0.05478160047539625,2.131460070277501,0.06779090320271255,0.0772256493504219,2.30169838393369,0.03769739993833703,2.289542879027126,0.019337292181332868,0.024019468879055123,0.01052435893902845,2.2786377919109735,2.330667113738476,1.1946038199420228,-0.05658453276345002,-0.05695400332572447,-0.07460972071280547,1.1393838802313776,-0.05344211588093071,1.1975558135067221,-0.05707434390323,-0.05972343081698503,1.2198061859697988,-0.056954003325724624,-0.11032146840450742,1.1946038199420221,-0.056584532763450435,1.1393838802313787,-0.05707434390323017,-0.06981534843984025,-0.05344211588093093,1.1975558135067217,1.2198061859697995
80,5.759699949247242,1.9905931349684352,-0.04410535087872359,-0.04354990290054929,-0.04197118871675065,1.9875971125573577,-0.18786314045736965,2.1320773023758943,-0.06470448854549742,-0.053771809235382544,2.154873794417819,0.049571315891986684,0.05886729846585178,2.3036375080051474,0.020230836092155913,2.2686567439469703,0.02542442720729308,0.02949320224005611,0.0169671574304983,2.274955168693458,2.337569454207716,1.188535322167436,-0.052113247363545376,-0.052455145201828264,-0.04634869774942504,1.1374363174159907,-0.04920534170388163,1.1912670153561509,-0.052566505043471864,-0.020213848283991913,1.211856894558663,-0.0524551452018284,-0.05270071198819604,1.1885353221674355,-0.05211324736354576,1.1374363174159918,-0.08846558405449415,-0.018233716501388567,-0.04920534170388183,1.1912670153561504,1.2118568945586634
81,5.669098164292723,1.9888510014949405,-0.04633648237891694,-0.04592340650102601,-0.04349094550572792,1.9857236021997424,-0.1878647992187229,2.128846879139304,-0.06648336915369082,-0.05376017834577776,2.1501055018719333,0.04839254995959722,0.05943314614914367,2.2996185496332315,0.019875743256874478,2.2652909857102883,0.024836787246342237,0.029995883370350154,0.014405685676592572,2.2712763406533436,2.3348239506015287,1.179922207333707,-0.06484854791367353,-0.06520122964448234,-0.04729498611158375,1.1272114750025013,-0.061848923212243334,1.182740061598809,-0.06531610191712,0.04471246367230138,1.2039793717703988,-0.0652012296444825,-0.055272743468303215,1.1799222073337066,-0.06484854791367393,1.1272114750025024,-0.02599708369999757,-0.01991636485183137,-0.06184892321224355,1.1827400615988086,1.2039793717703993
82,5.530562965254031,1.9874846124219439,-0.04809005030320194,-0.04778672739629704,-0.04467146190820893,1.9842377914894307,-0.18785134528015784,2.1262861873214254,-0.06788138983125419,-0.05373790466705042,2.1463190082824504,0.047474296007291535,0.05989910134682914,2.2964287758126183,0.019612258788810406,2.2626202659024983,0.02438920915847763,0.03041326287274197,0.012392335461866726,2.268357810458957,2.332646228544036,1.1730129782295935,-0.07502716669204505,-0.07538840134824303,-0.048026805492197934,1.1190239518404508,-0.07195479774551908,1.1758991686039453,0.029015279882538075,0.04389187954521393,1.1976535557396801,-0.07538840134824318,-0.057293835640482633,1.173012978229593,-0.07502716669204548,1.119023951840452,-0.027170877190541523,-0.021232385229931386,-0.07195479774551931,1.1758991686039448,1.1976535557396806
83,5.554612633403547,1.9859781372697793,-0.050023735111288166,-0.049841241175867954,-0.045971952473219425,1.9825981420497405,-0.18783515254516783,2.1234604776947132,-0.06942299846230789,-0.053712135715552854,2.1421400164093836,0.04646247821422542,0.06041486839279123,2.292908510558625,0.01932314518826935,2.2596728902212875,0.023896971286472304,0.030875563206272657,0.010172171171002338,2.2651370096029724,2.3302429948670857,1.1653812252297118,-0.08626683910261089,-0.08663751229890478,-0.04883269734864809,1.1099815435184133,-0.08311419359071767,1.168342827592103,0.028274315824063343,0.04298799093689848,1.1906656254595314,0.018327518664569997,-0.05952248584061825,1.1653812252297113,-0.08626683910261133,1.1099815435184144,-0.028464565652203854,-0.022682985611925464,-0.08311419359071791,1.1683428275921026,1.1906656254595318
84,5.511847842267301,1.987483163594389,-0.04809156106840681,-0.04778853725699631,-0.04467380853562472,1.9842377812260352,-0.1878527409053826,2.1262860528739673,-0.0678826036816605,-0.05373913771115343,2.1463194489429,0.04747272274890927,0.05989747890805611,2.2964289889768636,0.019610544023569026,2.2626203857406093,0.024387461863412046,0.03041149652150803,0.012390615175181124,2.268357883837639,2.3326462481116765,1.1730203479513106,-0.07501979697032803,-0.04008522485632834,-0.04802857263831776,1.119031321562168,-0.07194742802380205,1.1759065383256624,0.029013573074938404,0.04389015475250285,1.1976609254613972,-0.07539010733882977,-0.05729561575828634,1.1730203479513102,-0.11043458223610444,1.119031321562169,-0.027172583998141212,-0.021234135475608384,-0.07194742802380229,1.175906538325662,1.1976609254613977
85,5.3485804904704075,1.984988488992731,-0.05129445819062493,-0.05119111601086769,-0.046824938812562736,1.9815190855404972,-0.18782278368135708,2.1216010159029883,-0.0704360567099361,-0.05369366411936142,2.139389240936625,0.04579852137538285,0.06075629019984858,2.2905915285347187,0.019134980557200386,2.2577330468476933,0.023575168524677368,0.031181974618248856,0.008713170240943533,2.2630172794865326,2.328661379611742,1.1603496532301107,-0.093672817643971,0.02082619168153984,-0.04936089446607057,1.1040216056536616,-0.09046734135060476,1.1633608849487451,0.027788774288039733,0.042395249249783426,1.186057759397746,-0.07817475651908506,-0.060986998023585946,1.1603496532301103,-0.05022302052453526,1.1040216056536627,-0.029313860445806385,-0.023635492359371835,-0.09046734135060502,1.1633608849487447,1.1860577593977464
86,5.153768545986583,1.982845637036844,-0.05404618223039733,-0.05411408298317729,-0.048671032282023324,1.9791814272591397,-0.18779490852064917,2.117572784956768,-0.07262980570116376,-0.053652693737811556,2.1334296247748292,0.044361343032665305,0.061497200507962146,2.28557185770455,0.01872866708935591,2.2535304807309204,0.02287936678995731,0.031847149756374746,0.005553723408655124,2.258425042959019,2.3252349558335537,1.149443564853291,-0.002673158630904393,0.01966522559644051,-0.050503813236540185,1.0911043070180522,-0.10640288757472094,1.15256231352635,0.0267382178364139,0.04111246847835882,1.176069586856518,-0.08056655349828083,-0.0641583381559403,1.1494435648532904,-0.05180589568226647,1.0911043070180533,-0.031152451346751396,-0.025697647872795003,-0.10640288757472122,1.1525623135263496,1.1760695868565185
87,5.009010167274255,1.9804211756666075,-0.05716863694860056,-0.05742551288688641,-0.050731140349684026,1.9764956800676083,-0.18772654763498403,2.112947770060177,-0.07511886581717017,-0.05357351860477532,2.126570439509576,0.04275095349221086,0.06239075705905027,2.2797986100466505,0.018306444933571902,2.2486985316456245,0.02212536387845453,0.03265743155818837,0.0019682417458517995,2.253146564529982,2.321297419542817,1.1367204061138887,-0.0037407447268466426,0.018375664626007107,-0.05177104545586488,1.0760702289673596,-0.12490499021809509,1.1399626938377185,0.025575540929670272,0.03968342955658366,1.1644011310858073,-0.08327036286450949,-0.06775592788840207,1.136720406113888,-0.053580303600846646,1.0760702289673607,-0.03322059500861677,-0.02802154077170757,-0.016844038297973762,1.1399626938377179,1.1644011310858078
88,4.500902125939177,1.9775112849631922,-0.06091627428688823,-0.06139996230897564,-0.05320372637959948,1.9732721884994182,-0.1876444994290954,2.1073967276653733,-0.07810628932522219,-0.05347849090650297,2.1183378977659157,0.04081812931519033,0.06346322285822009,2.2728694339853313,0.01779968481729422,2.2428991223849577,0.021220393360274706,0.03362994921146571,-0.0023351304942425787,2.2468112211430364,2.3165715037631576,1.1214497972321102,-0.005022084530324173,0.016827905801957383,-0.05329200483238875,1.0580260050043846,-0.03751181884569585,1.1248403591828506,0.024180071089010876,0.03796826629420249,1.1503963994009754,-0.08651553304341322,-0.07207383249422845,1.1214497972321096,-0.055709986164458304,1.058026005004386,-0.035702825531597655,-0.030810727031919477,-0.018953373441128057,1.12484035918285,1.1503963994009758
89,4.609167603521424,1.9736305406616559,-0.07010831365339514,-0.07133721989105593,-0.05950750789333625,1.9715472493623454,-0.19354510133958308,2.103924150099112,-0.08437318073072436,-0.05748319242851428,2.1105326134510465,0.03909916299824138,0.06255811194935025,2.252623866021628,0.03298360357424083,2.25675390917768,0.01904029601189878,0.03235582433255104,-0.00558624599518193,2.247909446717223,2.3105394915144446,1.1165718889908043,-0.010486746349876709,0.011002328404053387,-0.07194853939794733,1.049499940560081,-0.03957553105103446,1.1201574771167035,0.0185513829210236,0.0318438509122829,1.1471835086956579,-0.09457372801151677,0.00434912402280592,1.1165718889908036,-0.06229047942134079,1.0494999405600822,-0.04276093797379777,-0.07465209765216842,-0.025417861261094462,1.1201574771167027,1.1471835086956583
90,4.657554465335274,1.9779871276620609,-0.062432605103842756,-0.06314293138250765,-0.05472508839490768,1.9749416992426527,-0.1885636123474045,2.1083586438503783,-0.07837021445664989,-0.05436654536052527,2.1181778670367724,0.04224678432732174,0.06410390096178628,2.275705767185433,0.017362288771966092,2.2453874408740098,0.019451489253756882,0.03147408852809881,-0.00326648778150857,2.248172563365665,2.316539110476024,1.1275458765620874,-0.00658076745389639,0.015265641115972355,-0.05785012578741083,1.0126516717042693,-0.03904003820376529,1.1309364385128278,0.022616639784081724,0.03637915391774885,1.1564924787309525,-0.08807779772939825,-0.07127074657541636,1.1275458765620867,-0.05726866908803053,1.064122084334363,-0.03726625683652681,-0.02095726062357984,-0.020481592799197496,1.130936438512827,1.156492478730953
91,4.565457004606909,1.9773903325408393,-0.07690755058780309,-0.07876495068607034,-0.06388829010649263,1.9770401371073725,-0.19045248829369318,2.1009155682879657,-0.08424159572945246,-0.05638224654309236,2.095976002665195,0.05005579556020964,0.07463020261421757,2.2744741585154458,0.018598035745250152,2.2464452245719326,0.011212704647174384,0.02554313873462237,-0.014827410495640089,2.240861080608481,2.3046854725705046,1.1077313230198742,-0.014726143612266917,0.006450090948781455,-0.08472245662029165,1.0782643639997027,-0.04086621938849585,1.1114864178064774,0.014170547910762136,0.027038242417066517,1.1397900898182352,-0.10106644114214532,-0.06917581115442474,1.1077313230198735,-0.06749969963542604,1.037488585974788,-0.048384154604135136,0.03345537342597239,-0.030533476064634232,1.1114864178064767,1.1397900898182358
92,4.473564338515221,1.9769566957994973,-0.06149879889576093,-0.062097624034509136,-0.0541065353258179,1.973271622256532,-0.18818205148314576,2.1073474613644225,-0.07857245266523054,-0.05395339225977575,2.1185069732399535,0.04021768027963567,0.06284205368352044,2.272954700766449,0.017143742140007565,2.2429525920211972,0.020547196510589186,0.03294852742516158,-0.0029959811468662253,2.246843142307433,2.3165789730026387,1.1242882957169296,-0.005678499603403523,0.016170521130703917,-0.05398005999587544,1.0575953095051644,-0.03815998730325902,1.12767885766767,0.02352237060909459,0.037303613840037275,1.1532348978857947,-0.08717291771466669,-0.07274322703521627,1.0781282008064172,-0.05636640123753765,1.0819485033683054,-0.03636052601151394,-0.03146961784756165,-0.01960154189869123,1.1276788576676693,1.1532348978857951
93,4.520541760376133,1.9763336179872424,-0.06325206567375584,-0.06366431462920646,-0.05328780142467216,1.9703692468049923,-0.18621295629857848,2.102214855582849,-0.0797875439080166,-0.05218383060829305,2.109620683137788,0.040928530148252394,0.06645789628059556,2.2659642946668646,0.019447886295421716,2.237716720312877,0.022013283565917405,0.03623493487300603,-0.004782177021889776,2.240764105373652,2.311818294083483,1.0989702894664277,-0.004668383915817326,0.01691715274615206,-0.053802141217730304,1.057871970288478,-0.034656867850273415,1.10250921152279,0.024422385615949584,0.037905900080221266,1.1291835020136192,-0.088124680575028,-0.0728642701516203,1.1102959342789942,-0.056205119660365795,1.156673183917717,-0.03654790112615392,-0.03067837128063631,-0.01944617581508038,1.1025092115227892,1.1291835020136196
94,4.599732619906582,1.976718105004606,-0.06366169154026083,-0.06458642406152967,-0.056623261515534616,1.9746968922904753,-0.18917388886788375,2.1074955876251713,-0.08036014334575065,-0.056653317213325415,2.1199615591251257,0.03831051518853222,0.060253811491365,2.2813047446339763,0.007744419612314491,2.231621490615523,0.023502909673194735,0.035567828444251944,0.0006793246572763282,2.2533733238097438,2.3166550197480666,1.0831196112845551,-0.007112440860199901,0.014732732373990554,-0.058812986880214156,1.0570570547965323,-0.03956120484691246,1.1369087561515707,0.022083328679843986,0.035836985513597076,1.1624647963696955,-0.08861070647138006,-0.0730765666011066,1.0781649816625805,-0.05780034249433404,1.0814102486596733,-0.03779956794076455,-0.035986690679950625,-0.021002759442344664,1.13690875615157,1.162464796369696
95,4.467519997236224,1.9777236660816266,-0.07094849655990897,-0.07211559598074219,-0.05941407096391938,1.975002512974103,-0.18673265836176794,2.1000980900939705,-0.08608868671077348,-0.06073970242624988,2.109993867303151,0.035913944630622696,0.060231042872805465,2.298562375963622,-0.017681220156864887,2.1839405202809554,0.03945095058759611,0.05329085046902144,0.013876928391063019,2.266073306270505,2.3093117166145025,1.1617323309420948,-0.007116447807636648,0.01430154342156301,-0.07170369412693028,1.0578294155882084,-0.035531329746689544,1.1143084625615194,0.021893243097883104,0.035113804605394455,1.1416420924675124,-0.09174169222227327,-0.07101622873398218,1.074337070908728,-0.059153670607357434,1.0767370498637516,-0.03971818738839062,-0.04696116152233737,-0.0222945301419782,1.1143084625615187,1.141642092467513
96,4.5189977319802495,1.9787864735517642,-0.07085650985026776,-0.07156316179690446,-0.056327383901579375,1.972727390121582,-0.18365079191808087,2.096055757033297,-0.08586528677385549,-0.0581133430140305,2.1023463706739216,0.03808729116846977,0.0647918822605966,2.293160426756099,-0.014543606961453251,2.1787593474597173,0.04277167137216567,0.05809997961972534,0.014552954548027689,2.2614480874423473,2.3054060426165295,1.1623172797716954,-0.004507048143621261,0.016698205535950302,-0.06990874038751473,1.0592527567279642,-0.030906662822991062,1.0862311141547494,0.02441603581105332,0.03741143648402241,1.1144783202461297,-0.09073256631902406,-0.0692208919195577,1.0723785232957153,-0.057237742384885534,1.075361694774963,-0.03808375906329289,-0.04472770611985439,-0.0204048750733749,1.200272443826569,1.1144783202461304
97,4.488858102601064,1.9773489401300142,-0.07134297758390275,-0.0725880002132931,-0.06002506174400815,1.975002786067414,-0.18709622248614194,2.100064879620656,-0.08640439495673408,-0.061061732662320345,2.1101087441770874,0.035507473566949,0.05981026240789411,2.298623813094906,-0.018128622465149066,2.1839714262079553,0.038997576304271,0.05283176563163544,0.013432224759558346,2.2660978721995217,2.3093167969468356,1.1615393064218344,-0.007560505375573815,0.01385682913566289,-0.07217068750675946,1.0575382400106672,-0.03596980180437349,1.147239606094491,0.021448314911805294,0.034664167781770575,1.1041351798697197,-0.09218640650817339,-0.07146854748343548,1.0741440463884677,-0.0595977281752946,1.0764458742862104,-0.04016311557446843,-0.04740830956316874,-0.02273300219966215,1.1141206850822905,1.143563698767884
98,4.199956899373298,1.9810648259181844,-0.06971390401492472,-0.06965393962433175,-0.05095683131800056,1.9699441573121301,-0.17893223775926456,2.091198626921779,-0.08476765855045941,-0.05406033987197012,2.0926933561198613,0.041806750193268426,0.07146865766475509,2.286393307213607,-0.009537947638043802,2.172341967573366,0.04801686941114991,0.06518044207217737,0.01654099781931399,2.2557272057201394,2.3006160608157287,1.163536726584851,-0.00015613837206552,0.02079064801032002,-0.0664940218358146,1.0617538745703041,-0.024105627219225198,1.161729846360991,0.028663297026531594,0.04139561721869679,1.1791979163556152,-0.08833710773060405,-0.06584402457295212,1.0704872242829688,-0.05373496173040731,1.074439952468945,-0.034922984844917224,-0.04082851340216289,-0.01694881238543015,1.1100677748398324,1.0762386252659695
99,3.8951004577487254,1.9883213114382443,-0.06633513266824001,-0.06377279920960964,-0.033508479524972906,1.9605028998960314,-0.16338374842887732,2.0746798456477857,-0.08144215956441744,-0.040717248869665906,2.0600921134482832,0.05391190321817903,0.09358791932521209,2.2635145592803614,0.00687880115447701,2.1506111571000854,0.0652386802776125,0.08862084838786974,0.02272444530710007,2.2363511436428496,2.284373339513517,1.1674301352918253,0.014043710449688378,0.034112866509637144,-0.05549894260074655,1.0698713794884362,-0.0015871389720267769,1.1605239494449706,0.04251043976805658,0.05434437216554664,1.17873642598361,-0.08077159268731311,-0.054958848788696515,1.0638280040610202,-0.04241223381702561,1.0709460384403855,-0.024761547962436292,-0.028164927044223936,-0.005777525077647203,1.1026648260905278,1.1216672278093383
100,3.84216296032859,1.995650307071101,-0.08128539182970175,-0.0787965486894709,-0.040035377796333024,1.9653235488778806,-0.1629144697976584,2.067210807433004,-0.08516820432116531,-0.03914189914812831,2.026931388980628,0.07380279700391756,0.11674557735128914,2.254572290426108,0.027184564485568073,2.1646548199801097,0.06226633183960108,0.08822176234530461,0.015911048402225396,2.2338880675166144,2.2722932771129263,1.1736296848476373,0.015184664788735685,0.03455465231483233,-0.08264790341927872,1.0742404825231797,0.006148120063012015,1.1631258798126287,0.0433392959144655,0.054250524553658926,1.1839310268797187,-0.08469500287118735,-0.1106701376482149,1.06202570085048,-0.043452944165977316,1.0665104288821183,-0.02672749070669215,-0.07701868535985279,-0.006646627272306517,1.100567652880358,1.1227367607809091
101,4.046783099876048,1.997782625671043,-0.0932396934874863,-0.09125075391045229,-0.044766657009514904,1.9671699898018147,-0.1633866631275113,2.060501999694892,-0.0895800993927877,-0.0398511112364172,2.005120302315649,0.08351221303856915,0.12881983798420693,2.2482728607079454,0.035935217219284186,2.167649052563096,0.06023424289147786,0.08828091837261269,0.011012797707366276,2.2307712445820433,2.2608217122965466,1.188128304019143,0.011071929041502735,0.029790679023776315,-0.10790673951031653,1.032336485674289,-0.019735405062389532,1.1741369675542563,0.03893757950255339,0.04900081538585276,1.1964110630778961,-0.09353714492964522,-0.08511776336828758,1.0125586184403,-0.04960389235861242,1.099241174987907,-0.03374023800372802,-0.05539477548407905,-0.01265390570237637,1.1071886198819614,1.131362966998626
102,3.9574575634986076,1.988069989716645,-0.10172861437037772,-0.07937318187646454,-0.0431526030116171,1.9889047734750855,-0.18111173514204357,2.0502837460073557,-0.08598708973781959,-0.04100373259475688,2.0233798596849386,0.07838690996625915,0.1204042399932548,2.262768182042723,0.024703045907369634,2.1574911415546283,0.06829209633973757,0.09377677609800754,0.02298562492869661,2.240057448206758,2.272915410671365,1.1620744777132543,0.017040631465889085,0.03641183865855107,-0.08549463459240252,1.0717511864601008,0.005184105071230359,1.1655324757874987,0.045196879516839816,0.05611685310912905,1.1861629796877993,-0.0828378165274686,-0.10469159138477642,1.0779738087922521,-0.041596977488823905,1.0706451465198985,-0.024869907104317857,-0.0749449691579878,-0.004801034089545653,1.102974248855228,1.1249687135889896
103,3.9286929231927914,2.0106329710716513,-0.06490470170186047,-0.09234312087533887,-0.039421187111619654,1.9313423318286154,-0.13195925366126465,2.079873663332564,-0.09199318278932156,-0.0399892371169962,2.006618739288731,0.07174288403258601,0.12050782916210846,2.2566592597151285,0.010018440622075651,2.1241927056287304,0.0712199085502259,0.10130859859998646,0.01812443669704286,2.2361945748925205,2.256080807500431,1.1327609961073664,0.011846750106163994,0.030338478774615985,-0.10572847458549728,1.0591923870807738,0.00144627754131243,1.1621810190324524,0.0396163119393153,0.0494148744864584,1.1854513604363612,-0.0944440101839164,-0.10719040522624276,1.0973038943158768,-0.04955609277991996,1.0634896607926558,-0.03399284889101224,-0.08353374441395629,-0.012599701453408878,1.0936667344475484,1.1190286200184274
104,3.9059447641846816,2.00622812744136,-0.09908849258265129,-0.09731646927050715,-0.06194112006759103,1.949658491853659,-0.16023441793398202,2.0663074064329763,-0.07933714574384973,-0.034320849709842,2.0286449889378537,0.08025217906363741,0.12205790452569351,2.25991446363326,0.030079916053418747,2.16683809921912,0.06486205288197563,0.08991321771392805,0.019512032189228073,2.2386441624350333,2.2735084985171023,1.173237673892849,0.01398177575867526,0.03334964197762639,-0.05509611127023359,1.0735314274933172,0.004963273150694489,1.1627508176642725,0.04213359464446808,0.05302961360913518,1.1836837147577943,-0.0859000132083933,-0.10904258854269287,1.0616336898956917,-0.04465583319603774,1.0658013738522558,-0.027933191976689566,-0.07670271520854617,-0.007831474184624041,1.1001925907320018,1.1224894486589847
105,3.5851551217158466,1.9780966565437363,-0.06050654810391537,-0.06120454235177569,-0.013069108015692027,1.9903899911366456,-0.15921419401067316,2.061865784703053,-0.09394879333782762,-0.042310918600723564,1.9995756269280773,0.07934274645592382,0.12715940663606506,2.247696267466122,0.029407176920869277,2.153923345204241,0.06348459773492465,0.0921116612367982,0.010804001021472023,2.231062577221489,2.262488493835876,1.166371627099082,0.003930446381844446,0.02251643063759524,-0.024578568674235954,1.0647760721739172,0.0014667473669690524,1.1528203224993716,0.031737571575493215,0.04163051327887295,1.1763486258312252,-0.10164555363673364,-0.11985021801394999,1.0465318797232206,-0.05716227682996727,1.049458186798345,-0.0414743136668867,-0.08773833006955699,-0.02018664809485207,1.0849740069561558,1.1105122563291092
106,3.5646211255852265,1.9544995019349227,-0.0632048844857206,-0.07141671560467885,-0.011324101901662078,1.976765899910174,-0.1687937921488627,2.0562748426056086,-0.11299385566518426,-0.05782119229047712,2.003830661965713,0.048723214527035874,0.09790244858068356,2.188174691882387,0.05027184155863297,2.147768842551108,0.0818778019341302,0.11202548407453303,0.026956118629538676,2.246855631086687,2.2490983065235484,1.1692217512478391,0.0068784684354609585,0.02441949933104713,-0.016297109465506218,1.0667944447942168,0.013173594304980777,1.1514377980185684,0.03423511408430097,0.0428552757466282,1.1777794960731705,-0.10637996029779527,-0.14351133228843282,1.0382539472069934,-0.0575315733193591,1.041223979588056,-0.04322638762525705,-0.0775095182085895,-0.0204494916146527,1.0764462857272017,1.1056707766574707
107,3.5145060699162727,1.9391554517822114,-0.06656056298406415,-0.08154781393094619,-0.013747613831210159,1.9729279033493126,-0.16889501763956513,2.050421192748036,-0.12191467515905118,-0.06322352318135933,1.993695161930056,0.03905375298295708,0.09639576052117417,2.178649491464421,0.04050575368255051,2.1283913492044397,0.08093906331641126,0.11358167650652085,0.02178931183951994,2.173085329523195,2.3024884245007686,1.1729393140513786,0.00867386343309157,0.0253076366190484,-0.01037233940199032,1.0690094496712303,0.022574292401891502,1.1515436638360539,0.03563469381933344,0.043118547143338376,1.1806300380264647,-0.11122131960036809,-0.14916299223963192,1.0323657247810047,-0.058599701614374645,1.0345889145143012,-0.045495094664862144,-0.08547404631933399,-0.021381080570473218,1.0703843877156778,1.1031069998336223
108,3.484954825575638,1.9700389159858471,-0.0837976350775483,-0.03951766095148841,-0.0014750718786437512,1.955924732594201,-0.17288201520455995,2.0025229307938104,-0.09519649698092943,-0.03068749689460406,2.017273680381368,0.028667396019503757,0.09158925630884258,2.1618526089262198,0.03626598710235797,2.1164516861481864,0.07671804499717085,0.1128494084288673,0.01129865030807188,2.1611583617972587,2.293393599811187,1.1699941754956344,0.0034326217403043468,0.019448063705584627,-0.01513397185851827,1.0646568643629446,0.022516676573759387,1.1461680660665559,0.030121381521826324,0.03681544678874878,1.1772734124697573,-0.12096938446337321,-0.15919145923301237,1.0229013365942385,-0.06578435789773815,1.0242299680515197,-0.053497998040100934,-0.09295060776990181,-0.028451007932395744,1.060822855001174,1.0960757870519557
109,3.654066635210633,1.967232109861782,-0.11292964426308877,-0.056439457555274124,-0.016052349344202407,1.961640887629449,-0.1797006028525873,1.9803534573812747,-0.09716122668976289,-0.02982577775763051,1.999573276926149,0.0358660588406279,0.10162048785667759,2.1685931147119817,0.028971971935372477,2.085201396681762,0.09194823309348099,0.1296150989936543,0.02295305322179876,2.1672176841186523,2.288427384943362,1.1412491823791862,-0.003515290398739236,0.011634689149251833,0.032472712825686964,1.0378330447279953,0.008247842793715404,1.1455490225469134,0.02279284865782952,0.028382728857922045,1.1789932341166491,-0.13422672774808642,-0.13270475752667588,1.0305089033718142,-0.07545309044599549,1.0283881373455985,-0.06431200963196929,-0.07689402580162233,-0.03796093784919097,1.0543434164401237,1.0926511109856034
110,3.512782882892971,1.9627114072831235,-0.09349056320872691,-0.05298377084055746,0.022824261616730276,1.9486949207354762,-0.1725993596024356,2.002139618642855,-0.09190907154762988,-0.028626816336687858,2.0218269949070105,0.029857850102295448,0.09139889210165345,2.166766526657026,0.03412710605900527,2.118683508585083,0.07418307051332225,0.10963017608340954,0.010069201814365554,2.1629237436495847,2.2927071486518824,1.1701802644167245,0.0037685532609483354,0.019784387223727162,-0.014490599379335741,1.064901540030712,0.022849274081675083,1.146351023008508,0.030457832717814343,0.06350593321280491,1.1774327624150014,-0.12063306094523067,-0.15909039646824508,1.0230874255153286,-0.06544842637709417,1.024474643719287,-0.08034185302269992,-0.09381154226019552,-0.02811841042448005,1.0610058119431263,1.0962351369971999
111,3.44955418463012,1.9838683559209669,-0.05897160259955253,-0.0073372266462976635,-0.05833149020585002,1.974124406946129,-0.17219974383110181,2.0033320419876866,-0.10360533412061902,-0.03669419005845666,2.006593939074837,0.02457996607577434,0.08960911068485976,2.1538521900948515,0.034754682043899754,2.110948052890869,0.07468285534455875,0.11239779890478663,0.006530360408126474,2.1550151245388616,2.283066429270912,1.1719171176137755,0.007607579492898655,0.02323258964535123,-0.010493160779783406,1.0671148892964282,0.029924741089480365,1.1465258157339775,0.0341330523996361,0.0833025438272031,1.1783577239042993,-0.11970055814854236,-0.15831753467637563,1.0207276752861716,-0.06286671208510661,1.0229069967393476,-0.0953648244626266,-0.09264648759775387,-0.025540819990302176,1.058472471256516,1.0947827867102153
112,3.523270099065197,1.977734420385517,-0.05838108056061746,-0.009250315380588158,-0.056668141338580204,1.9733358651198702,-0.1699699882371152,2.000280493914196,-0.10571964606073476,-0.037544394953742066,2.0016497799124293,0.022471260827770463,0.08796293278355916,2.1544550217255227,0.02687213526146374,2.107377835003908,0.06476227463426723,0.10356610582449069,-0.005056090427853243,2.149015295078943,2.2660640753779098,1.166434901709879,0.0023770143799774508,0.01740543435501006,-0.0033954739548216744,1.061210512799563,0.029636293007338776,1.138750571661279,0.028645521162505433,0.1433989989745968,1.1721724083920952,-0.12931880556251907,-0.1594666579421981,1.009071987466624,-0.0699920127003505,1.0113047599159475,-0.027831557480717986,-0.09639918879821821,-0.03260744790056969,1.0466161424841478,1.0850149258650328
113,3.488941752317899,1.9707563562557326,-0.0818928998057419,0.020671203341797544,-0.05879605842634555,1.9555579113470878,-0.17112911598314606,2.0149940652782563,-0.11197353090400407,-0.04609271528394224,1.997710303008683,0.027228005321962276,0.09110794523030184,2.159434416608665,0.03320600065317957,2.1128642503944812,0.07282281165963761,0.1099416929287811,0.00579952734382084,2.1565932236028575,2.2826195957349875,1.1716691069916856,0.006755259748182633,0.022378688990632806,-0.00959517870111274,1.0666306007027362,0.029085867282786376,1.146290436256639,0.04936665254625874,0.08203152122678893,1.1782175504865928,-0.12055445880326078,-0.1581918076186693,1.0204796646640817,-0.06371903182982264,1.0224227081456558,-0.09548010856737009,-0.09292758883640811,-0.026379693796996173,1.0582370917791775,1.094642613292509
114,3.380461972970693,1.9879893604546683,-0.04263871560371582,-0.028324423813287546,-0.056830553336337124,1.9870857276310527,-0.1717716206881618,1.994246763897627,-0.0987469297827093,-0.031158741331047828,2.011792048216157,0.021087352251291006,0.08620022254163717,2.1534083433608218,0.028314857761513497,2.1088080520846546,0.06671104268586293,0.10511378997616347,-0.0024649653763618717,2.1509715223917727,2.2697797159249955,1.169024372341512,0.005578970717530321,0.020803967903421386,-0.0050639134587176365,1.0642093956708691,0.03120941353416213,1.1420740941812122,0.12382271031709648,0.07294315535143664,1.1748674533742227,-0.12468265009793253,-0.15836908610905018,1.0136768203982305,-0.06617151001611037,1.0161637391883567,-0.09744840585149231,-0.09526200101374045,-0.02882155500275457,1.0512719565183357,1.0888795115692498
115,3.4015771575307703,1.9859903030130885,-0.04194781785965408,-0.029145414750686736,-0.055997505413029725,1.9869070385082994,-0.17069774923999498,1.9926802089217648,-0.09958202571448929,-0.03128900937750476,2.009357209267301,0.02032672621792866,0.08584666064026944,2.1528270372486613,0.025781389729557323,2.106949423010087,0.06347095927978351,0.10241025008501323,-0.006555191426201311,2.148294653550273,2.263473131271674,1.1673885364092789,0.0043558389468522545,0.08170404697043898,-0.002382189857089143,1.062515641728593,0.03206130173571654,1.1394659201753108,0.12148473618211104,0.06852957914666614,1.1728807107095278,-0.08126527346112544,-0.15887414034210323,1.0094404378757738,-0.13077676506899072,1.0120697878456233,-0.09866545630109969,-0.09656632495758417,-0.03082494381238549,1.0469446443928885,1.0853836381954023
116,3.423053688571258,1.9839781343693743,-0.025746579683337826,-0.029980902984167983,-0.057868474234132376,1.9659926278607356,-0.19550195487774424,1.9776812674910569,-0.10370412339499037,-0.03712681678667898,2.0048513255980898,0.025188560174836422,0.08916489199400403,2.160645962305228,0.02656243857310236,2.1108254729672566,0.06454306304432315,0.10235165387023488,-0.003518188347758689,2.152546492854118,2.26945207108686,1.1662852063530178,0.000906970585933262,0.0261380351862757,-0.004310654492280404,1.0607145135866278,0.026580419154293742,1.1393753278936791,0.12271156659721758,0.0714730287391452,1.172473196013987,-0.10946513531372429,-0.15896760504168872,1.0109376544097364,-0.048635768988309944,1.0126688571041156,-0.09794725317891118,-0.09597584310881312,-0.03345054938262298,1.0485731902308026,1.086485254209014
117,3.2748382981615123,1.9882487048211575,-0.0661895821440863,-0.0294943037924231,-0.05570346250842239,2.013008428394143,-0.1393422729545122,2.0119780720878446,-0.0945782488822408,-0.02342720361061886,2.0143482098759913,0.01373522245920074,0.08216795721780401,2.1415532339619987,0.025789104899024275,2.101799281255507,0.06328141700843813,0.10400810671208889,-0.010071434423436249,2.142754830666121,2.2585776817964778,1.1595685184978703,-0.005170488847975625,0.03813562051612513,-0.0029161521404174446,1.0539287618356195,0.023520696657032398,1.1312433349822573,0.11978063182416178,0.06572753571078634,1.1652390989734782,-0.08016942601780255,-0.1607154752704146,1.0004378638473999,-0.011294069767354128,1.0023914573597221,-0.10017635541114515,-0.09824489952885326,-0.04066393950937314,1.0379403091989623,1.077055773900711
118,3.396409984111525,1.991344202469412,-0.06181480162196808,-0.026818245906735625,-0.05119864777340888,2.0150607795782434,-0.1949110208693148,2.0722903750408843,-0.06992723007980006,0.009207582026756624,2.0147222535262705,0.019374308709021928,0.09584619553939526,2.1296363466777395,0.02936600428946521,2.0828141068784407,0.07001744635461102,0.11567335024922161,-0.012294378726551864,2.129601409127786,2.2465440121755855,1.1581734829401364,-0.0019507257183634641,0.03934574768518361,-0.002122015425864457,1.0538398521069956,0.03137310959458178,1.1275622788750115,0.12053773108466621,0.06377625769945884,1.162390626509493,-0.08303641656551981,-0.1626328204231008,0.9931343601762062,-0.010554897348552082,0.9968492748999257,-0.10221014529229566,-0.09941672748403735,-0.0392987447739908,1.0303533539241516,1.0707785412262412
119,3.2700151721022834,1.9877819128145582,-0.06571422024539343,-0.029109245375081996,-0.0558094917047475,2.012893486297651,-0.13878711499146826,2.011863529547196,-0.09399646898939207,-0.022875721421628272,2.0144992513828406,-0.007451226732134509,0.08264959388706003,2.1633171318037108,0.03847676254803782,2.111330920226905,0.0665313157251805,0.10708576927456984,0.013736834494860836,2.1236116657200754,2.2400355287950435,1.158422131947279,-0.006359360206237264,0.03697544092734792,-0.004051270183898005,1.0527657642099932,0.02233277058996266,1.1300978364403609,0.11865816835417738,0.0646140479852998,1.1641002937131841,-0.08132160094032805,-0.161885835121432,0.9992914772968085,-0.012472046927939295,1.001228459734096,-0.10133088104075871,-0.09939548142852511,-0.04185186557644286,1.036794810657066,1.0759169686404169
120,3.3844624779908123,1.9951083219179226,-0.0607071933370327,-0.025842645262791678,-0.04831059842969404,2.0164870988213064,-0.13006991528560885,2.009066883166795,-0.09300627314002989,-0.010324203392598768,1.9900785246974362,-0.059368840537369544,0.0927716281056529,2.1886563198029596,0.07030860983133491,2.1097462652580656,0.07710797278546203,0.12514974975703036,-0.03299160801712211,2.148231624070051,2.2675288072010864,1.1597508800073713,0.0020379217782971826,0.0421014044408236,3.5118582427862664e-05,1.0561820463738951,0.0369997029039755,1.128307101395065,0.12245445222736465,0.06456433070412596,1.1633127103812066,-0.08188092819464973,-0.16081162524968365,0.9926010819123652,-0.007647967206367552,0.9972434027634381,-0.10071481238153068,-0.0976842769538908,-0.03598957303033728,1.0297028765356095,1.0704757729952654
