eval_count,energy,theta_0,theta_1,theta_2,theta_3,theta_4,theta_5,theta_6,theta_7,theta_8,theta_9,theta_10,theta_11,theta_12,theta_13,theta_14,theta_15,theta_16,theta_17
1,12.640990491353483,0.0,0.0,0.0,0.0,0.0,0.0,0.0,0.0,0.0,0.0,0.0,0.0,0.0,0.0,0.0,0.0,0.0,0.0
2,16.06757559501117,1.0,0.0,0.0,0.0,0.0,0.0,0.0,0.0,0.0,0.0,0.0,0.0,0.0,0.0,0.0,0.0,0.0,0.0
3,16.139005495523858,0.0,1.0,0.0,0.0,0.0,0.0,0.0,0.0,0.0,0.0,0.0,0.0,0.0,0.0,0.0,0.0,0.0,0.0
4,16.180117282491757,0.0,0.0,1.0,0.0,0.0,0.0,0.0,0.0,0.0,0.0,0.0,0.0,0.0,0.0,0.0,0.0,0.0,0.0
5,16.266609036263233,0.0,0.0,0.0,1.0,0.0,0.0,0.0,0.0,0.0,0.0,0.0,0.0,0.0,0.0,0.0,0.0,0.0,0.0
6,16.427609922989006,0.0,0.0,0.0,0.0,1.0,0.0,0.0,0.0,0.0,0.0,0.0,0.0,0.0,0.0,0.0,0.0,0.0,0.0
7,16.341175136050936,0.0,0.0,0.0,0.0,0.0,1.0,0.0,0.0,0.0,0.0,0.0,0.0,0.0,0.0,0.0,0.0,0.0,0.0
8,16.06757559501117,0.0,0.0,0.0,0.0,0.0,0.0,1.0,0.0,0.0,0.0,0.0,0.0,0.0,0.0,0.0,0.0,0.0,0.0
9,16.139005495523858,0.0,0.0,0.0,0.0,0.0,0.0,0.0,1.0,0.0,0.0,0.0,0.0,0.0,0.0,0.0,0.0,0.0,0.0
10,16.180117282491757,0.0,0.0,0.0,0.0,0.0,0.0,0.0,0.0,1.0,0.0,0.0,0.0,0.0,0.0,0.0,0.0,0.0,0.0
11,16.266609036263233,0.0,0.0,0.0,0.0,0.0,0.0,0.0,0.0,0.0,1.0,0.0,0.0,0.0,0.0,0.0,0.0,0.0,0.0
12,16.427609922989006,0.0,0.0,0.0,0.0,0.0,0.0,0.0,0.0,0.0,0.0,1.0,0.0,0.0,0.0,0.0,0.0,0.0,0.0
13,16.341175136050936,0.0,0.0,0.0,0.0,0.0,0.0,0.0,0.0,0.0,0.0,0.0,1.0,0.0,0.0,0.0,0.0,0.0,0.0
14,16.06757559501117,0.0,0.0,0.0,0.0,0.0,0.0,0.0,0.0,0.0,0.0,0.0,0.0,1.0,0.0,0.0,0.0,0.0,0.0
15,16.139005495523858,0.0,0.0,0.0,0.0,0.0,0.0,0.0,0.0,0.0,0.0,0.0,0.0,0.0,1.0,0.0,0.0,0.0,0.0
16,16.180117282491757,0.0,0.0,0.0,0.0,0.0,0.0,0.0,0.0,0.0,0.0,0.0,0.0,0.0,0.0,1.0,0.0,0.0,0.0
17,16.266609036263233,0.0,0.0,0.0,0.0,0.0,0.0,0.0,0.0,0.0,0.0,0.0,0.0,0.0,0.0,0.0,1.0,0.0,0.0
18,16.427609922989006,0.0,0.0,0.0,0.0,0.0,0.0,0.0,0.0,0.0,0.0,0.0,0.0,0.0,0.0,0.0,0.0,1.0,0.0
19,16.341175136050936,0.0,0.0,0.0,0.0,0.0,0.0,0.0,0.0,0.0,0.0,0.0,0.0,0.0,0.0,0.0,0.0,0.0,1.0
20,2.300266394450871,-0.22446671205832117,-0.2291458997701981,-0.23183902641622128,-0.23750487711069762,-0.24805162805618902,-0.2423895091113713,-0.2244667120583212,-0.22914589977019814,-0.2318390264162213,-0.2375048771106975,-0.24805162805618905,-0.2423895091113713,-0.2244667120583212,-0.22914589977019814,-0.23183902641622123,-0.2375048771106975,-0.24805162805618905,-0.2423895091113713
21,1.9342531349103451,-0.4449004362205083,-0.45591131240200167,-0.4622486696243194,-0.4755813214222707,-0.5003995112296793,-0.48707564083481786,-0.4449004362205081,-0.4559113124020018,-0.4622486696243192,-0.4755813214222705,-0.5003995112296795,-0.4870756408348179,-0.4449004362205081,-0.4559113124020018,-0.4622486696243191,-0.4755813214222706,-0.5003995112296796,-0.48707564083481825
22,1.7252951409191875,-0.653373085802478,-0.6755368912964693,-0.6882933650326345,-0.7151306753699879,-0.7650872385478473,-0.738267604307005,-0.6533730858024782,-0.6755368912964699,-0.6882933650326349,-0.715130675369988,-0.7650872385478477,-0.7382676043070049,-0.6533730858024779,-0.6755368912964698,-0.6882933650326346,-0.7151306753699881,-0.7650872385478475,-0.7382676043070051
23,6.190924833849821,-0.8498149669137395,-0.8878666391633452,-0.9097674430573716,-0.9558427678609022,-1.0416101136028577,-0.99556513580049,-0.8498149669137405,-0.8878666391633461,-0.9097674430573719,-0.9558427678609018,-1.0416101136028575,-0.9955651358004893,-0.8498149669137396,-0.8878666391633457,-0.9097674430573723,-0.9558427678609017,-1.0416101136028573,-0.9955651358004892
24,1.7252951409191857,-0.6533730858024777,-0.675536891296469,-0.6882933650326342,-0.7151306753699875,-0.4115338479545759,-0.7382676043070047,-0.6533730858024779,-0.6755368912964695,-0.6882933650326346,-0.7151306753699876,-1.1186406291411237,-0.7382676043070046,-0.6533730858024775,-0.6755368912964694,-0.6882933650326343,-0.7151306753699878,-0.7650872385478472,-0.7382676043070048
25,1.8776668175896,-0.7433323003197724,-0.7659905032624026,-0.7790315295800501,-0.8064674870117716,0.24709764051414274,-0.8301205203984015,-0.7433323003197726,-0.7659905032624031,-0.7790315295800506,-0.8064674870117717,-0.46000914067241505,-0.8301205203984013,-0.7433323003197723,-0.765990503262403,-0.7790315295800503,-0.8064674870117718,-0.8575384074413495,-0.8301205203984016
26,1.7152627079676086,-0.6196526345080435,-0.641816440002035,-0.6545729137382001,-0.6814102240755534,-0.38450561135195016,-0.7045471530125705,-0.6196526345080438,-0.6418164400020354,-0.6545729137382006,-0.6814102240755535,-1.1434371410231625,-0.7045471530125704,-0.6196526345080434,-0.6418164400020353,-0.6545729137382001,-0.6814102240755536,-1.2463341345296621,-0.7045471530125706
27,1.8415702858217644,-0.6533684152932443,-0.6806861060538912,-0.6964089206587813,-0.7294868749316643,0.2590777255557317,-0.7580039754821019,-0.6533684152932445,-0.6806861060538918,-0.6964089206587819,-0.7294868749316646,-1.8893150544480093,-0.7580039754821019,-0.6533684152932443,-0.6806861060538915,-0.6964089206587813,-0.7294868749316648,-1.2186561798086273,-0.758003975482102
28,1.7522667679311144,-0.5861405038469785,-0.6083043093409698,-0.621060783077135,-0.6478980934144882,-0.39038503275314324,-0.6710350223515054,-0.5861405038469787,-0.6083043093409704,-0.6210607830771354,-0.6478980934144885,-1.1405866860748517,-0.6710350223515054,-0.5861405038469782,-0.6083043093409701,-0.6210607830771351,-0.6478980934144885,-1.2478486177561032,-1.1885224964247236
29,5.858132783726162,-0.8183117583796826,-0.8555876809577547,-0.8770419987863156,-0.9221779977739482,-0.7961036819696456,-0.9610905559979601,-0.8183117583796832,-0.8555876809577551,-0.8770419987863162,-0.9221779977739479,-1.277010446466588,-0.9610905559979595,-0.8183117583796823,-0.8555876809577547,-0.8770419987863162,-0.9221779977739473,-1.5007519980893043,-0.9007921503366807
30,1.7152627079676068,-0.6196526345080433,-0.6418164400020347,-0.6545729137381999,-0.6814102240755532,-0.38450561135195027,-0.35099376241929836,-0.6196526345080435,-0.6418164400020352,-0.6545729137382004,-0.6814102240755533,-1.1434371410231625,-1.0581005436058457,-0.6196526345080432,-0.6418164400020351,-0.6545729137381999,-0.6814102240755534,-1.2463341345296621,-0.7045471530125706
31,2.1812315253864423,-0.7329124289634187,-0.7556194609839949,-0.7686885910878153,-0.7961836737955944,-0.3806834540601038,0.2985576633397742,-0.7329124289634189,-0.7556194609839954,-0.7686885910878157,-0.7961836737955945,-1.1572648056617811,-0.4085491178467797,-0.7329124289634186,-0.7556194609839952,-0.7686885910878153,-0.7961836737955946,-1.2506838199315393,-0.7088406391275294
32,1.7496381114789434,-0.5778866547331984,-0.6000504602271899,-0.6128069339633551,-0.6396442443007083,-0.38112815611184236,-0.33146439092390784,-0.5778866547331987,-0.6000504602271903,-0.6128069339633555,-1.1588045880187907,-1.1510502812029224,-1.0816221547070073,-0.5778866547331983,-0.6000504602271902,-0.6128069339633551,-0.6396442443007085,-1.2179854837298543,-0.7376919549260997
33,1.8023248092165256,-0.6598606402855132,-0.6851648394956931,-0.6997287803643704,-0.7303686741870226,-0.29092687131010897,-0.01692057963718052,-0.6598606402855134,-0.6851648394956936,-0.6997287803643709,-0.6094263826549534,-1.3321920594725158,-1.5010849477912807,-0.6598606402855128,-0.6851648394956934,-0.6997287803643705,-0.7303686741870229,-0.7402355825619589,-1.3087481044264886
34,1.7477989546557686,-0.5742077509841917,-0.5963715564781832,-0.6091280302143484,-0.6359653405517016,-0.39213163300746035,-0.35473595546673403,-0.574207750984192,-0.5963715564781836,-0.6091280302143488,-0.6839195008974452,-1.1415667685719078,-1.059711205593612,-0.5742077509841916,-0.5963715564781835,-0.6091280302143484,-1.160204050557459,-1.250720409642479,-0.7051027770551972
35,5.613203584941861,-0.8158113446751176,-0.8527187806373121,-0.8739610144066248,-0.9186508269454488,-0.8067786042517359,-0.6901341252221278,-0.815811344675118,-0.8527187806373135,-0.8739610144066264,-0.8796098682112943,-1.2546303243778574,-1.3064462951669753,-0.815811344675118,-0.8527187806373133,-0.8739610144066265,-0.854449030820434,-1.5595962909564234,-0.8299284149448122
36,1.7079117744271555,-0.6111416260097096,-0.633305431503701,-0.6460619052398662,-0.3706690778152014,-0.38514833703043244,-0.3521467746180228,-0.6111416260097098,-0.6333054315037014,-1.0455320747974897,-0.6825271014619824,-1.145184212523881,-1.0592535558045701,-0.6111416260097094,-0.6333054315037013,-0.6460619052398662,-0.6825271014619825,-1.2475290331192623,-0.7057001652112951
37,1.9078007006267699,-0.7671278318932151,-0.7898652208235493,-0.8029518229775617,0.34446637895825927,-0.3780535389588222,-0.3523342530530519,-0.7671278318932153,-0.7898652208235497,-0.5045078984654203,-0.6809160258881437,-1.1519515907726747,-1.0621697262264436,-0.767127831893215,-0.7898652208235496,-0.8029518229775617,-0.6816920396854123,-1.2447447080166005,-0.7069315122920067
38,1.706958791151374,-0.5443421746410617,-0.5665059801350532,-1.1086064470147885,-0.35012406030530396,-0.3878662051925483,-0.3550970996000706,-0.5443421746410619,-0.5665059801350536,-1.0716271914156899,-0.7187642819530443,-1.1522980675915353,-1.0437597179730036,-0.5443421746410616,-0.5665059801350535,-0.5792624538712183,-0.717429826747824,-1.2320321743790432,-0.7309208672971874
39,2.0300325275094493,-0.5329929586267663,-0.5582785980944593,-0.9514790853719429,-0.038454323021806625,-0.3805564373297475,-0.3844179045923515,-0.5329929586267669,-0.5582785980944598,-1.4356148379005225,-1.2203865110330283,-1.270261305442422,-0.821056729492284,-0.5329929586267665,-0.5582785980944599,-0.5728318568233908,-1.2039669436924054,-0.9777367570358422,-1.088161191346573
40,1.752813272389277,-0.4724628395433732,-0.49462664503736464,-1.113738311529985,-0.35667471833960507,-0.39896285853971536,-0.3619764502459947,-0.4724628395433734,-0.4946266450373651,-1.0753054983176535,-0.7221377294910875,-1.1526141847149867,-1.048826114080057,-0.4724628395433731,-0.494626645037365,-1.0468338170180513,-0.7200864524629621,-1.2408424007612737,-0.7323779215148966
41,5.634956503680207,-0.7568924729083251,-0.79339972729764,-1.3169832110729254,-0.6365802012984725,-0.8103252698243555,-0.6897435000032855,-0.7568924729083247,-0.793399727297641,-1.2467168837252462,-0.8452203276202196,-1.2468891823331656,-1.3236977305721134,-0.756892472908324,-0.7933997272976407,-0.7282056765689544,-0.8209421464685266,-1.5808729334397722,-0.8053376844970149
42,1.706958791151374,-0.5443421746410617,-0.5665059801350532,-1.1086064470147885,-0.350124060305304,-0.3878662051925482,-0.3550970996000706,-0.5443421746410619,-0.21295258954177976,-1.0716271914156899,-0.7187642819530443,-1.1522980675915353,-1.0437597179730036,-0.5443421746410617,-0.9200593707283271,-0.5792624538712183,-0.717429826747824,-1.2320321743790432,-0.7309208672971874
43,2.1131901704833846,-0.8238141077007388,-0.8468166959144909,-1.1004925452807166,-0.34163797559495473,-0.3731173644100614,-0.3482153174267869,-0.823814107700739,0.019301400755502907,-1.0665124805441233,-0.7117321798589967,-1.1521413416865987,-1.039847298544236,-0.8238141077007388,0.01930140075550346,-0.5710580808370791,-0.7114950158136969,-1.219300012013543,-0.7272707651562572
44,1.7625061489200178,-0.909918941385919,-0.2256840970811131,-1.1097787139195536,-0.35134203517751394,-0.38856710910163195,-0.3563544801348203,-0.53506076683919,-0.567656520850461,-1.0727994583204552,-0.7199822568252544,-1.1542032804767501,-1.0450170985077534,-0.5350607668391897,-0.5676565208504609,-0.5804347207759836,-0.718647801620034,-1.2333352327761924,-0.7321782478319372
45,1.7855252558873005,-0.05483012345366112,-0.01784830427881945,-1.0924131672156983,-0.3332088005468637,-0.3621202298660402,-0.3406840129428991,-1.0218772859608607,-0.5541809580620225,-1.060301687288915,-0.704208879080034,-1.1471286893680601,-1.0341659950684816,-1.0218772859608605,-0.5541809580620223,-0.5629223364703548,-0.7046553599534352,-1.2080059089595372,-0.721752893126474
46,1.7069587911513766,-0.5443421746410618,-0.5665059801350532,-1.1086064470147885,-0.350124060305304,-0.3878662051925484,-0.35509709960007063,-0.19078878404778815,-0.5665059801350536,-1.0716271914156899,-0.7187642819530443,-1.1522980675915353,-1.0437597179730036,-0.8978955652343354,-0.5665059801350535,-0.5792624538712183,-0.717429826747824,-1.2320321743790432,-0.7309208672971875
47,1.5774184203835198,-0.28134091379760173,-0.3320913122422128,-0.8808421052288454,-0.11233375540293669,-0.04860618354902835,-0.148164168379716,-0.20690438909353703,-0.38807096383595385,-0.9054007716416453,-0.5108070463518685,-1.0494846752542137,-0.8977526902293043,-0.2069043890935343,-0.3880709638359544,-0.3496418061470761,-0.5319870028393817,-0.9026722464240595,-0.5902961114865997
48,1.5320676295191098,0.0328528526227424,-0.2289751740818533,-0.8204410206643461,-0.25440877645661664,-0.2924230943522217,-0.5259005588934524,0.1103570995406043,-0.5911179875141324,-0.9297865775359939,-0.2657096227812443,-1.0236187392447713,-1.294676405383936,0.11035709954061729,-0.5911179875141328,-0.10676152959167284,-0.285862035649359,-0.9568343446340314,-0.3914705097562904
49,1.961121750174644,-0.05039605069159844,0.2254758737848745,-0.3097055732126004,-0.18402726569260996,-0.2691135575203584,-0.590699111867502,0.4596230953754007,-0.17207356395265205,-0.9447081355209462,-0.20351351035184626,-1.0056098189333242,-1.3457850816688368,-0.14261755901692913,-0.7743142183449994,-0.4140385526631671,-0.22775365161257227,-0.8401512927728776,-0.34230439179573163
50,1.980635327865044,0.05328896696500182,-0.20832304361783657,-0.799664561190831,-0.24584664054724156,-0.6070103359001491,-0.36897681425130535,0.13079321388286377,-0.5704658570501157,-0.8925202152228099,-0.2220697172420335,-1.3278442041863305,-1.1493924720344655,0.13079321388287674,-0.5704658570501162,-0.08598507011815769,-0.24278629909299976,-0.9257658955799244,-0.3352015858449179
51,1.1869532371625695,0.08833071710818297,-0.37507401199694645,-1.000371172276457,-0.5302376161874112,0.19919925435536145,-0.36368118237247254,0.10546770004863949,-0.913513885611992,-1.0312093540130918,-0.1984072218364295,-0.4074894337293923,-1.2005992917881352,0.19205473757186503,-0.8269268480887852,-0.06702692767071358,-0.223847689502868,-1.0924883948735173,-0.3155674953757282
52,1.9108288377973133,0.02587360790564431,-0.7285556151949374,-1.1261617395952075,-0.6244197765102162,0.47511122235888603,-0.6649264171409329,-0.08859248769518392,-0.6192319359686593,-1.0648410963206525,-0.10170090345284724,-0.026951638739166783,-1.51794327599025,0.18378251400863363,-0.34685693426486497,0.16312004588648082,-0.1284501846343309,-1.1539364394085245,-0.261347200031824
53,1.248560542131056,0.02617634840779772,-0.4012492494355333,-1.05062714684217,-0.6819991328941061,0.09321083945593597,-0.18204263507892338,0.0676585105885365,-0.8396793452576318,-0.8797760954124082,0.018561052645721665,-0.46058535874731876,-1.1360153533653456,0.1202561840224551,-0.7870816718237318,-0.10651371335939805,-0.014340442404198128,-1.188079557482532,-0.14104835462048498
54,1.9754596224055962,0.3159373145385047,-0.4369870424013266,-1.0781567947501411,-0.6076618090697974,0.03319402794159182,0.03300110548395807,0.22750717003951718,-1.380426254298786,-1.2790018946799935,-0.3263414925642105,-0.4758465213072774,-0.7411498076399263,0.46423006483619234,-1.1437033595021364,0.09237970115320099,-0.34841378935242673,-1.0186427291568103,-0.3281993287199326
55,1.1127167045498094,0.10877675201519804,-0.29846739561210467,-1.1448756123124089,-0.5001330277456318,-0.053064436999603004,-0.31220938403620047,0.16385439838819946,-0.8477543757738827,-0.8453495962845435,-0.2522497938106676,-0.11481277022899739,-1.2038634603571468,0.19747082474973546,-0.8141379494123657,-0.06651594845671487,-0.2756732058250052,-0.9857849957893938,-0.4181741426685288
56,1.1024114895785857,0.173843674301218,-0.08761069741083671,-1.6546615406286849,-0.5952188239708279,0.368130548203814,-0.4965162866277026,0.34992093156120563,-0.8468813228303412,-0.2997368120897259,-0.35434049324082734,-0.4055051387667849,-1.2200766718085774,0.21510148244766014,-0.981700771943907,-0.13406236562810414,-0.3763806723788286,-0.9675073925958673,-0.4270912614777292
57,0.5876287983347046,0.18931566806096325,-0.10854956836846309,-2.0078674666038783,-0.7241086951779301,-0.2453297941264732,-0.21879360459768,0.3835797405002159,-0.6153526058072775,0.14205377454138696,-0.20832935783528453,-0.22968043279916897,-1.0986115374990193,0.22468212975353466,-0.7742502165539824,-0.0319890278142031,-0.23376362049708782,-0.8716109476290952,-0.3599742424320278
58,1.1170629261080514,0.11301356755338093,0.325481353029093,-1.7830665266148955,-0.7995318044645294,-0.3668101708339398,-0.07419762412510283,0.7255093649467156,-0.2531612185966793,0.3811321159042817,-0.0612433236519761,0.16480565344387213,-1.076342949748605,-0.015500421863862496,-0.9941710054072854,-0.3323691802342615,-0.09431104501480411,-0.771024946135715,-0.288885824159917
59,0.5300465972058905,0.25903101771488457,-0.0007180121917732263,-2.0302996202182197,-1.0767159627646619,-0.237598830668924,-0.18092815250884692,0.4801919439441179,-0.498769693274054,-0.053178858544633084,-0.29902135246825845,-0.2916232677581015,-1.009602835004705,0.2837424652361673,-0.6952191719820284,0.026383966183225638,-0.3220221673823755,-0.8232389591623281,-0.4137036233572538
60,0.939564568238402,0.4727102067570351,-0.18484709594619667,-2.3746465331887894,-1.0779292792507067,-0.5759090244229366,0.19107195555515383,0.49575267840720344,-0.9344398572369832,-0.024708322268271875,-0.3969809361004769,-0.3599307073760701,-0.6114481813433486,0.5781911713420653,-0.8520013643021509,0.2690522623616966,-0.41609140341317813,-0.745260600061024,-0.4302864540050677
61,0.6139904852454068,0.2815091226195389,0.032530961633370714,-2.0243384014306547,-1.004471856914071,-0.267795581547874,-0.37793587091541725,0.5092806780587663,-0.4312560199426385,-0.05323060425230814,-0.42044313593264404,-0.20853277639880846,-0.7595695914282053,0.3036018122569586,-0.63693488574447,0.05895688267864338,-0.3801837073624146,-1.0312847866853336,-0.16405551965432877
62,1.5509882783509212,0.23935281480657666,-0.3528686876526267,-2.353799664465935,-1.2583974924939205,-0.1160580012975893,-0.37227566324858197,0.2890518369720451,-0.2243885176642112,0.02665672827193838,-0.2231643741698361,0.0006095173703222767,-1.3488414533252584,0.3337276976449195,-0.1797126569913643,0.31091827136781475,-0.2653729233206603,-0.7641922457250875,-0.49260130830302895
63,0.3741723484346,0.00868653519139112,-0.20312056678078286,-1.9867755422384121,-1.0705529083445446,-0.28067251685698924,-0.2269130283146848,0.771041528330454,-0.44524640437959606,-0.04293412691311605,-0.3110367026371939,-0.3535427027246877,-1.0356394457600269,0.4970126170800326,-0.7192753156300417,-0.01842437029836544,-0.332268046923449,-0.8172144284290473,-0.4189173055912208
64,1.3259195242712885,0.29370531409907935,0.06152342817193393,-1.8462654411497044,-1.0114800168925875,-0.779173850310695,-0.6330719715516124,0.9080995709176032,-0.4717725984027501,-0.03565866995335712,-0.21944126856475354,-0.7950961987800076,-1.3942402967612595,0.642895150569575,-0.7369770187508036,0.1390770266710446,-0.23368310900025485,-0.7865268343614935,-0.36002116317104116
65,0.6425439121866416,-0.03142571326191079,-0.23326048919679454,-2.039090651794159,-1.0619918151644845,-0.28818643939310334,-0.15715435642800585,0.7521895078796417,-0.45877245410541995,-0.09697949649475086,-0.42664791418325954,-0.3541866710712801,-1.189757616186216,0.46749328017405195,-0.7434686818110338,-0.05278182109223189,-0.44061449896487276,-0.5905960061634593,-0.05362337109166698
66,0.3286781537603396,-0.3423021371116319,-0.6694987160597139,-2.0430424594826757,-0.6523728349329354,-0.33972415868946926,-0.4083058051192207,1.0100730255987487,-0.4917829578383502,0.2140968425245795,-0.3433276518948026,-0.1687775694452613,-0.7434352969466017,0.7763161844952622,-0.7255397989418627,-0.021037700777206833,-0.3063722211805475,-1.1265247620004513,-0.26227562957706574
67,0.7850618996561542,-0.4693223132696141,-0.5735105028231133,-1.8822107017765974,-1.0788814241425158,-0.07429625281942437,-0.3611203648843442,1.4985290196006316,-0.3144504865005889,-0.10563336856985667,-0.5229470435476902,-0.019372135038215194,-0.3448752485581086,0.9658688827351942,-0.8471106233660555,-0.10458458674383576,-0.4634178035592048,-1.2047416470181085,-0.4037945528761353
68,0.5352969742993361,-0.3915495994903767,-0.7370830343732582,-2.0316451253231853,-0.7277080965775845,-0.35737509349564095,-0.6663511379704399,0.937884369827408,-0.5536330978381435,0.21418112890251292,-0.24281358603735637,-0.15958722317948676,-0.5318109381367379,0.7225544265503918,-0.7689630411151859,-0.06468285683130841,-0.21628060735861682,-0.8240924896823154,-0.26785744444127607
69,1.0011047753811235,-0.2959712022145572,-0.7352653860035245,-2.156138664257745,-0.2747686982477501,-0.4417760872948093,-0.45981242221028434,1.0337558162016418,-0.5759980658235626,0.2782045773045696,-0.6349271095291382,0.0231756435721594,-0.7057692864397611,0.8399456030173561,-0.7698082790078776,0.045713954157886136,-0.5045846615823855,-1.254564066823669,0.5275855847120736
70,0.49934168868352824,-0.349060051923829,-0.633526422183855,-2.15776807740912,-0.579432873445706,-0.3338366061768425,-0.42142381881302643,1.0463257745115013,-0.4500559089829055,0.1150096708120495,0.017978556536192736,-0.1836172551991414,-0.7164530993526449,0.7699815734906628,-0.72640011000377,-0.03774848383271775,-0.5966920166128062,-1.1459557314472295,-0.23729559158637167
71,1.050766267934427,-0.4460135164346151,-0.6921451866225834,-2.2371264459572644,-0.8518316106717614,0.013691596532281691,-0.23361240157526156,1.005296491344683,-0.39848923876664677,0.5778596210928846,-0.2041437733505171,-0.7861214342774405,-0.5735591894414822,0.670545227210755,-0.7332405029006012,-0.11881457569288736,-0.05987716593174375,-1.3324438678780934,-0.014293329485177891
72,0.9582889599118865,-0.36299055155306026,-0.5973555754946264,-2.3078360960527156,-0.4762932143085889,-0.32638531994599035,-0.39881504585235134,1.0926032286640261,-0.41200686136972536,-0.04106994146801346,-0.3596331611731525,-0.18218713936425787,-0.7369323669917153,0.7658288512727494,-0.7387812387610277,-0.0620088557377351,-0.05930015412958525,-1.0973147894282933,-0.2808322646326694
73,1.0799958086321544,-0.5752175136930077,-1.0697411168894022,-1.8267920010752636,-0.6058221293110782,-0.3790201845199954,-0.03869615026592399,1.1140811229397691,-0.7858334231095379,0.47871394908864995,-0.2995159259659219,-0.06617279142106028,-1.1549577625419019,0.9742147784598372,-0.9256997675894981,-0.05897428547143427,-0.4325632581086388,-0.8571169293521361,-0.5454618126038135
74,0.4389103596522128,0.0008342338402956284,-0.9456468796993424,-2.023339382693058,-0.6244907860443343,-0.30431609726731945,-0.40982023109594606,1.1069636178658127,-0.3297857304601047,0.21359752943901664,-0.34334734940225997,-0.17531907973004118,-0.7458689509743709,0.6957986135170178,-0.7409507348089256,-0.12170594774591532,-0.3085275635661277,-1.0979021967553841,-0.27709309612184835
75,0.4654194561227083,-0.3724621525077899,-0.7953131449603696,-2.1564586005244943,-0.9538066808828598,-0.20136066877165026,-0.5880999474023796,0.666145705796926,-0.26222801109945515,0.35057807801334884,-0.3720718712645099,0.21478440556834055,-0.8894956856762986,0.7595321998050943,-0.16884151709131445,0.29610232959418326,-0.3743983923048114,-1.3021017965410233,-0.41376667862479133
76,0.3509155727552127,-0.2920572248266992,-0.6223356443472776,-2.020050777691963,-0.6287323881421846,-0.30652906852846384,-0.388092111636001,0.7748455008336903,-0.3029510554381792,0.2308969869180909,-0.32193577745552665,-0.15778982163570554,-0.7292377033666928,1.1280831205931061,-0.8321155770211389,-0.13868590463282793,-0.2871892480695888,-1.0937006218263965,-0.24755902691265694
77,0.9916811867740964,-0.2676397379111031,-0.6191928215949286,-2.141213804345789,-0.7992920416846878,-0.46851313540938566,-0.4666278815723064,1.0095327763155784,-0.8723387571057737,0.20773306172793182,-0.3774094828497281,-0.1110808600991495,-0.7836546556616695,0.8813258751269553,-0.3097587498323508,-0.7846431419757781,-0.33640800354508515,-1.274189403459324,-0.2656143728215869
78,0.4546497173828774,-0.22827230966851822,-0.5500681014289595,-1.9051116545675744,-0.5190197979346431,-0.21806557237785057,-0.3597021706969119,1.1585401638932946,-0.5445965732258102,0.27034436284634755,-0.26458900828557735,-0.1971279591277851,-0.7028042285395671,0.9261564412695573,-0.4605802506320453,0.08089621312032076,-0.23719685077222108,-0.9743887675531316,-0.22857507810776784
79,1.5866800862859898,-0.18337967612764106,-0.499292148014572,-1.7955922779864524,-0.7998679373157704,-0.8349618853688295,-0.8869828358459249,1.1686501457738974,-0.40095230985632013,0.28223726883411304,-0.3397383437915475,-0.5088189830422976,-0.9962872912673817,0.9477375650822115,-0.8150597854120627,0.23204168309445833,-0.3170458681695839,-1.3636272682375021,-0.37629251623761706
80,0.22752812079355245,-0.33857297708921025,-0.5527760096989434,-2.2222004629068,-0.5371501919966494,-0.26790422396371916,-0.5097911120044873,1.0643861065721785,-0.42619790709832495,0.40683686925294843,-0.5494588966639002,-0.23881489069813372,-0.7360375576315298,0.7591828346944219,-0.7314011789761058,-0.0669976716286089,-0.5070564817030414,-1.0087723937932402,-0.42689821449725
81,0.7208468598914752,-0.5793187751591082,-0.6432393252635994,-1.8569758722682117,-0.27529516023142503,-0.5446841971577271,-0.24286719823159086,0.7845948285862641,-0.14156532771422958,0.24873184874205687,-0.738595872695349,-0.48502491508242046,-0.4218103036398957,0.5230161353525442,-0.43367271309856376,-0.1377859277938977,-0.7024422999737818,-0.9691427007070804,-0.5511729210235855
82,0.5065986241255311,-0.18524661554367242,-0.5725447182887392,-2.35186276588575,-0.4926728237234731,-0.0899579389864345,-0.6085318215010537,1.0624719157802813,-0.26052487660595436,0.49477137136766036,-0.48739105695978735,-0.20486503575744247,-0.6871427580554953,0.9189180716841022,-0.6585100460495228,-0.12559164789471006,-0.659770241588694,-0.753449265973035,-0.4501910016501331
83,0.2531948220060274,-0.3278252921882491,-0.6007793611785957,-2.2364510738919905,-0.5092022091474937,-0.24213957516137274,-0.532424318713845,1.0462482352493112,-0.4796061895273145,0.38227303128463286,-0.5615134232551239,-0.2696331365214356,-0.6993903443986221,0.7995250602657789,-0.7289920959651675,-0.03984204755170548,-0.5188642530084937,-1.0444650198496526,-0.4591146642202689
84,0.2028890589114445,-0.298401013442441,-0.4992756832002067,-2.1956024493234536,-0.46803158960331587,-0.26345408818902627,-0.49894132899854954,1.052716859102588,-0.4320142758396713,0.5149640375766337,-0.5013215564138305,-0.12645547314549768,-0.6398562095324123,0.7208697609151582,-0.7847126737720899,-0.07679513440038938,-0.47170435545069855,-1.0851292526601317,-0.4966208887306006
85,0.18769188098440548,-0.27742418774549116,-0.47605483272956844,-2.1712928504212234,-0.4781223284411119,-0.31143639019882424,-0.5485576075215954,1.0690429546814604,-0.4166291001925882,0.5325950009890373,-0.497905368205027,-0.15307327000504511,-0.6600562521431101,0.7369221391343347,-0.7955359573385477,-0.05426105050325304,-0.47469462341349117,-1.106683618041134,-0.5129136535905874
86,0.2080729801303498,-0.30500576910224764,-0.5063677003017725,-2.1502027741638607,-0.47919829991802687,-0.32160253223873203,-0.5209013306670041,1.0789683391161122,-0.4390056715142898,0.5669723713611693,-0.49419202018924724,-0.13825303499756122,-0.706988290912905,0.7500539849749537,-0.8268999703801381,-0.039217528122210174,-0.4844652324501366,-1.0896868257403671,-0.5448876261968206
87,0.1780248179830588,-0.2799826995991969,-0.4872076373974932,-2.1885107553932577,-0.4790340384331664,-0.337792304434232,-0.5397665859529437,1.079403151044322,-0.41644021438376944,0.5450674280061331,-0.5043909173556151,-0.1450039624008369,-0.6431549328633018,0.7498120287052621,-0.7920336162105542,-0.04488717946185763,-0.4776907978491209,-1.1068537312726319,-0.49370915750794764
88,0.16901332796091229,-0.27278625067828616,-0.4771027017627552,-2.16249520466707,-0.4607267040731917,-0.32559747480287776,-0.5617160192288302,1.0666258166071463,-0.4327203622914133,0.5522080462776088,-0.5384142350741034,-0.12245013021784207,-0.6559293218849527,0.73774475717664,-0.8170718363680644,-0.028673525752760623,-0.5068862091905156,-1.119761698115617,-0.4317373705560846
89,0.1864368703645587,-0.28379656182818536,-0.4612752498507088,-2.2013761095911635,-0.4154214578585846,-0.34199179997917223,-0.5728926618069375,1.0799732088649445,-0.41506752368046723,0.5217952905878857,-0.5575945880611237,-0.1000118211176348,-0.6829107011029331,0.7338346580093569,-0.8336160122984579,-0.008865490538789395,-0.46335720250816537,-1.1286380624068941,-0.4328742685257885
90,0.17093796650218263,-0.29674022806928657,-0.49134639252777385,-2.1591803379923102,-0.4520184083808622,-0.3117450772712282,-0.5747794329340228,1.078153020207221,-0.41916586019085017,0.5688246513308085,-0.5316784036332373,-0.13287136570237462,-0.6565199308259331,0.7397511623628072,-0.8132320990010864,-0.0388398809475002,-0.4977586006448516,-1.133797119885346,-0.42057965756704707
91,0.1655816966689283,-0.2604045792422636,-0.45369725314145837,-2.1904791285037564,-0.48932001472071396,-0.31406975754834926,-0.5332527247158063,1.0507793659528373,-0.43437883145740275,0.5886366042550699,-0.5423483396812476,-0.1681289685660366,-0.6543954968334382,0.7175522580399064,-0.84137794590158,0.0004671238703253047,-0.48579836757549566,-1.1392827605583622,-0.4118276350134966
92,0.17561392665284004,-0.25040142052683595,-0.4342741709463955,-2.207318089226656,-0.5007767069939315,-0.33966878425536484,-0.5370650598352276,1.0493302287544812,-0.47795089120169143,0.60812132786267,-0.5587044091593893,-0.1651653982643587,-0.6759184615296807,0.7220329722592933,-0.8202679165841165,-0.06222695175134691,-0.48000453570049056,-1.1691881347467397,-0.4021295696748457
93,0.17099731207401003,-0.25911932779586483,-0.4603614315064282,-2.186747975729552,-0.46286477181122687,-0.33098126668608013,-0.52948338049347,1.0240934247999502,-0.4314172677631071,0.5974048457522365,-0.537526970045568,-0.1819972607943931,-0.6588375862924072,0.7055048784041718,-0.8278850244654327,4.941651180919755e-05,-0.4869777138158535,-1.1306177290969777,-0.4101006953200423
94,0.1647996373853884,-0.2854964291385491,-0.43304568543921507,-2.1559151200139595,-0.498963371549677,-0.3371462358095613,-0.5060273196639772,1.0600183344080385,-0.40343139801929,0.5796510763473495,-0.5918068164530121,-0.17897436090204197,-0.6177221538970616,0.705367099286344,-0.8412477487137173,-0.003110084496821635,-0.506597494747836,-1.16505727385075,-0.4214057432737446
95,0.1525198668515344,-0.25116992466473187,-0.40911153806021133,-2.17700179938951,-0.499062183394328,-0.3211131738499492,-0.5216975430837213,1.0683121951524943,-0.3583730971285503,0.6191364401060383,-0.6064846863598238,-0.1733664108058025,-0.6021464361412512,0.7342101189148117,-0.8417770643295981,-0.01020271663809895,-0.5432475261221902,-1.1349666374258862,-0.41663355355583626
96,0.15673994389321244,-0.2706090698893794,-0.40415627324065095,-2.174420820535485,-0.529163763527277,-0.33928783090111325,-0.570811979752095,1.057093503732822,-0.3701238993386019,0.6331250469125324,-0.6161978905981614,-0.1691872982768916,-0.5587480419597115,0.715379281669249,-0.865447588181648,-0.013851822039362974,-0.522227325656934,-1.0894605746417423,-0.40981165994348023
97,0.15489724113934322,-0.24963804893263186,-0.4010171613899627,-2.176024681752222,-0.4818469218029952,-0.32644160696039554,-0.5141059709567074,1.085083320173791,-0.3667083434407849,0.6102858520569259,-0.5926054024271578,-0.1916204793217951,-0.5943317129940845,0.7364212719290278,-0.8665842348568757,-0.02537323108063979,-0.5509249849669043,-1.1266741742004762,-0.4092405015942638
98,0.15968147634471652,-0.2731101371275706,-0.38929884112872937,-2.2056668131462236,-0.520028066244396,-0.3348873591313619,-0.5360877547388303,1.0621889127318893,-0.34607955488859515,0.6149570357503905,-0.5590785112024227,-0.15574427690515624,-0.5965074347853699,0.7147121952676869,-0.8383209039932551,0.006526341448679796,-0.6004567085625221,-1.1601614330400105,-0.40701034308154155
99,0.16014006669527792,-0.2470319643218548,-0.4322409529900941,-2.1923560898035883,-0.4960833539183276,-0.3185627428936851,-0.5327421058370267,1.0523033303101206,-0.36139879135768854,0.613111996303682,-0.6185531601355714,-0.18156772354948994,-0.5940393731925001,0.7414328179202109,-0.8601808256584027,-0.014407304298669068,-0.5546311918237683,-1.1506620362045608,-0.4311231500540203
100,0.1568939169304855,-0.24259019921745478,-0.3867100567010044,-2.1657926992799097,-0.4824843816651061,-0.3037924371421929,-0.5335524789548417,1.0878192425043265,-0.3972832695155162,0.6298727150880247,-0.6109485992829368,-0.18765444617233182,-0.5644468114568559,0.7694179016766612,-0.8035023126686447,0.03617267652469112,-0.5487725112475137,-1.1414272415493392,-0.4156690026244821
101,0.15404127688779123,-0.23884910039663185,-0.4220958390267306,-2.1839968635139253,-0.4957625893881926,-0.3197014504788018,-0.5268455838909069,1.093863237440822,-0.3638157550545272,0.6242681029590256,-0.615197913931831,-0.17693919529294294,-0.6031654589903962,0.7012223978109052,-0.8340449463625428,-0.006971871024221804,-0.5516982673023488,-1.1322926954074353,-0.42410196423763113
102,0.15988534697878443,-0.1917043684817278,-0.43059378429147765,-2.144078181988485,-0.5239634110323118,-0.3339817392857683,-0.5145328624485904,1.0800782430523859,-0.3259987620968795,0.6188684668995545,-0.5877321557046986,-0.15791403784031055,-0.5844757374491737,0.7420915482281126,-0.842468112571529,-0.006302607544331361,-0.5259423692834982,-1.1477931059896134,-0.3785506937190737
103,0.1511472045664597,-0.2499452132586521,-0.4060810829331129,-2.1683454014216754,-0.48661930743025805,-0.32149320143312743,-0.5131649759855222,1.0679297532244032,-0.3642809659032508,0.6453464730198905,-0.5971017021082349,-0.14956385586407311,-0.593999297513864,0.729679095162629,-0.8576049664998504,-0.009317329225488207,-0.5388075035771156,-1.1448738299108572,-0.43544613425027995
104,0.16781848681337408,-0.2708769605577365,-0.4221023237405907,-2.149897131427218,-0.5123535077245228,-0.33540320801768386,-0.49020919915903816,1.0886017273912587,-0.36892661776456587,0.6809141392386331,-0.6125897447322773,-0.1485939880747055,-0.6394815597993939,0.7583571957855123,-0.8751539588199231,0.016359167078360003,-0.5648371225338,-1.1118375602281265,-0.43574796175446096
105,0.15365625694214646,-0.24008837810457395,-0.3891892437863296,-2.1443154546650054,-0.48624335402126323,-0.31745372051629034,-0.5391603710629105,1.0641600106812736,-0.3620815032011784,0.6439385470824188,-0.5973315395671135,-0.15998637891574363,-0.6142280751960869,0.7242302112939998,-0.86776024797481,-0.005486226712829155,-0.5426921445317001,-1.154041071133494,-0.4433397163198974
106,0.1604924702860746,-0.25044242739849837,-0.38773459318518555,-2.1565342546088004,-0.4824398714579406,-0.24749469402157392,-0.4905706325074164,1.045577463408677,-0.3680782268240593,0.6375461078435832,-0.6119473871672859,-0.12359862437213773,-0.5863678863856474,0.7047141885793767,-0.8579858139429041,-0.026268844191295215,-0.5510240876077015,-1.1278655543045049,-0.41009032352567987
107,0.15376198075340675,-0.26585431906422413,-0.4094911733977554,-2.176056423795855,-0.47398663406633185,-0.31529065205243806,-0.5220587498900603,1.0751848905622465,-0.35506441307468567,0.6624664148213284,-0.6046706397645286,-0.15501994998370444,-0.5980526745126844,0.7269594403919487,-0.8665618340235781,-0.0026139616968323927,-0.5274070746435487,-1.1626823208081676,-0.40743140024317315
108,0.14674190372207807,-0.261720871301323,-0.3883126841233299,-2.18530055609133,-0.5036993268440982,-0.2957115740872331,-0.5043751999424536,1.084895804101913,-0.32255275573992154,0.6602584619664678,-0.5691127771763073,-0.18081353766547412,-0.5851694819868068,0.7323895316183793,-0.8388481817255029,-0.0249665734281788,-0.4995968378551816,-1.1438022853164653,-0.48008275916509063
109,0.1598600333793021,-0.2713133002640272,-0.3772168098176536,-2.1635919607961496,-0.465295297242193,-0.33654792668956945,-0.49875624780363936,1.0620551130960623,-0.29780173771943924,0.6815058456535978,-0.5841666959279342,-0.190135592427164,-0.5726880519292133,0.7234899257258712,-0.7904201197960937,-0.06397366561590517,-0.5104014346737157,-1.1411670680453254,-0.4839257046067599
110,0.1496204968618713,-0.2621539770399981,-0.40779557502423436,-2.170836360791995,-0.5104187543085538,-0.28891046585242675,-0.5048116468082842,1.0869009299780596,-0.3369570582857279,0.6783008186423342,-0.5535312513400098,-0.19690332120984483,-0.5673182016308065,0.7233332180612753,-0.843599365773102,-0.0335746278995452,-0.51362866395244,-1.1530569045881187,-0.4809918767203597
111,0.14771330162122265,-0.23434507409126243,-0.3730520135104256,-2.2121695896718223,-0.47733103536518445,-0.30863995588641785,-0.5068175742086427,1.1244750016612273,-0.32569386557563174,0.6482390068764647,-0.5586940445416477,-0.15506901914518278,-0.546238499284279,0.7126898610141784,-0.873856902511432,-0.005146941282675923,-0.4842366946640253,-1.1484016398881234,-0.5140819625227947
112,0.1513843051260242,-0.2474195059327541,-0.37186192704348175,-2.1959422798153234,-0.5131115616522051,-0.30454092802234134,-0.4845494399659133,1.066472456700584,-0.32867000468565316,0.6715683575021546,-0.5767017660331452,-0.2002893823567373,-0.5846692232817791,0.7190760482567389,-0.8454686957412897,-0.01293775213591338,-0.4959485206431272,-1.1474087001812705,-0.475840817274713
113,0.1505414280023416,-0.2744254940732553,-0.36788576962968617,-2.183062021426526,-0.5035423769102401,-0.2496214965960687,-0.5465131347079379,1.1237506343081705,-0.28481024465223354,0.6527247188303016,-0.5726777235223534,-0.21635360137416948,-0.6072998186963107,0.724391511036925,-0.8525601820208227,-0.01701662231526837,-0.48309867046134314,-1.1497092950950094,-0.4683517348500947
114,0.14834335982444813,-0.2718296323812944,-0.4024402857193794,-2.17232843917021,-0.49355455325087705,-0.2964811018668109,-0.49325676494866333,1.078459540648971,-0.304191604334601,0.6581589214539599,-0.5661802941852012,-0.1865030302569239,-0.582879167137327,0.7295979940896852,-0.8459375840034894,0.004275476128532293,-0.50737722332216,-1.1249606544283282,-0.4867870726910465
115,0.1496930345819214,-0.2737531962248141,-0.3894827772316726,-2.1904773031377966,-0.5364502960100704,-0.30511689657397123,-0.4852376802025554,1.1330045420151251,-0.33602534046529065,0.6917558570696308,-0.5768634987653326,-0.15561764005791642,-0.6216196173999673,0.7699293541848444,-0.8508384588633151,-0.028319764649674912,-0.5078425967983178,-1.1171774830892167,-0.5012259999539973
116,0.1504221014917526,-0.2690005149161171,-0.39226586923431556,-2.1834776897324217,-0.5158888630383714,-0.29507926942415225,-0.49914064975568145,1.08385019713934,-0.31151064899322456,0.6488100941433302,-0.5990212158820869,-0.18381131099768777,-0.5709305124963622,0.7425318356872904,-0.8491621616697014,-0.029199835333939276,-0.5105140678025473,-1.1635486713056062,-0.49253524177656205
117,0.14984160036142047,-0.235190788836219,-0.42893718074748605,-2.23383788610644,-0.4842561191335958,-0.2751688902045216,-0.5332664467423933,1.0493891459883318,-0.3233429320218732,0.6630414860124075,-0.5597938125908432,-0.1838994142923337,-0.6033792704487855,0.7672311505785592,-0.8456862395227773,-0.031663498980185834,-0.49399448818637404,-1.1353077350356104,-0.5035144427822867
118,0.14847446132721487,-0.27925240493706055,-0.39848391494457847,-2.1804527483434097,-0.5067683406862242,-0.2983280571173237,-0.4989498167654662,1.084010386780303,-0.3399006190969944,0.6384396914691212,-0.5584159838888255,-0.17757980050272945,-0.5968061804825924,0.7269614173234336,-0.8333679353865387,-0.02150781853154683,-0.4723083910034563,-1.1539770417269017,-0.48797343484918604
119,0.14616793289093355,-0.26690231795141284,-0.38500159414585655,-2.1874578189203016,-0.5004346893271165,-0.2897976916375592,-0.5030922535770491,1.0830140286694776,-0.3269476095208193,0.6604207711446025,-0.5713305325993671,-0.1797020360646081,-0.5852222771142823,0.7291831099740038,-0.8394921675877887,-0.026523035881397882,-0.502718749181923,-1.1410917402149614,-0.482776650900883
120,0.14516586357810368,-0.2589050234946746,-0.3847323287602597,-2.183178974974391,-0.503999337343915,-0.27590213921021145,-0.49567839961668736,1.0812217425783233,-0.32358046104628735,0.6566847241019307,-0.5689802896963639,-0.16720325663847058,-0.5821076274882659,0.7282786542046115,-0.8380062146456596,-0.030395294555841404,-0.49984756041014294,-1.1364057465964494,-0.47696898295140533
